id_user,id_wisata,rating
1,105,3
1,102,2
1,103,5
1,105,3
1,104,4
1,109,2
1,106,5
1,107,4
1,101,2
1,106,5
1,105,3
1,101,5
1,103,3
1,104,5
1,103,5
1,109,4
1,105,4
1,104,3
1,108,3
1,106,2
1,105,3
1,102,3
1,110,4
1,108,5
1,109,2
1,107,2
1,109,4
1,103,2
1,110,2
1,106,2
2,108,2
2,110,5
2,104,4
2,109,3
2,103,4
2,107,3
2,103,5
2,106,2
2,105,2
2,102,2
2,102,3
2,106,2
2,107,5
2,108,2
2,106,3
2,103,5
2,108,5
2,104,4
2,101,3
2,101,2
2,106,2
2,103,5
2,103,4
2,102,2
2,106,2
2,104,2
2,107,5
2,104,3
2,110,3
3,105,5
3,110,5
3,106,5
3,109,3
3,105,3
3,109,5
3,105,2
3,106,3
3,106,3
3,107,2
3,105,2
3,103,2
3,102,3
3,106,4
3,109,2
3,105,4
3,105,5
3,106,3
3,110,4
3,106,2
3,110,2
3,103,2
3,104,3
3,104,4
3,109,5
3,108,3
3,109,3
3,103,3
3,103,4
3,107,5
4,102,2
4,104,2
4,109,4
4,103,4
4,110,3
4,102,5
4,110,3
4,101,3
4,103,4
4,102,3
4,109,5
4,103,4
4,108,3
4,107,5
4,102,3
4,105,2
4,107,5
4,104,3
4,103,2
4,103,2
4,105,3
4,106,5
4,101,5
4,103,5
4,101,2
4,107,2
5,104,4
5,108,2
5,110,5
5,106,2
5,103,4
5,110,3
5,110,5
5,104,5
5,110,4
5,107,5
5,103,3
5,110,5
5,103,3
5,107,3
5,108,3
5,103,2
5,107,5
5,103,2
5,108,3
5,103,2
5,101,4
5,103,2
5,102,4
5,106,2
5,103,4
5,107,4
5,107,3
5,101,3
5,105,4
5,101,2
5,103,3
5,108,3
5,107,3
6,108,4
6,102,2
6,102,2
6,103,2
6,102,3
6,103,3
6,109,2
6,102,5
6,101,4
6,108,5
6,103,2
6,109,5
6,106,5
6,105,5
6,102,2
6,102,4
6,109,4
6,109,5
6,105,5
6,107,5
6,106,2
6,104,2
6,107,4
6,104,3
6,107,2
6,104,5
6,107,4
6,105,2
7,104,5
7,110,3
7,101,3
7,103,3
7,110,5
7,108,5
7,102,4
7,105,5
7,103,4
7,104,4
7,105,3
7,109,3
7,108,5
7,103,4
7,102,4
7,102,3
7,103,2
7,110,5
7,102,4
7,108,4
7,109,3
7,101,4
7,106,4
7,110,5
7,102,5
7,109,2
7,101,3
8,110,5
8,104,3
8,107,2
8,103,5
8,110,4
8,107,5
8,101,4
8,108,2
8,101,3
8,101,2
8,103,5
8,104,5
8,110,3
8,109,4
8,102,5
8,105,3
8,108,5
8,102,2
8,105,3
8,107,5
8,105,2
8,105,5
8,104,4
8,108,3
8,105,2
8,109,3
8,107,3
8,110,4
9,103,3
9,108,4
9,109,4
9,105,4
9,108,3
9,105,5
9,110,3
9,103,2
9,110,4
9,102,4
9,103,4
9,106,3
9,105,3
9,107,5
9,107,3
9,110,3
9,109,3
9,108,4
9,109,4
9,110,4
9,105,4
9,108,3
9,109,5
9,108,4
9,109,5
9,110,4
9,110,5
9,107,2
9,103,5
9,102,2
9,110,5
9,107,2
9,102,5
10,105,3
10,110,4
10,108,5
10,105,2
10,104,5
10,105,4
10,105,4
10,101,5
10,106,3
10,108,5
10,107,3
10,106,5
10,105,5
10,101,4
10,103,5
10,108,5
10,105,3
10,102,3
10,103,3
10,105,3
10,110,4
10,103,3
10,107,3
10,108,2
10,106,2
10,103,2
10,107,5
10,105,4
11,109,2
11,101,2
11,105,3
11,108,3
11,108,3
11,103,5
11,109,5
11,104,2
11,105,4
11,109,2
11,107,4
11,103,3
11,106,4
11,107,2
11,108,4
11,107,4
11,104,4
11,110,3
11,102,2
11,106,5
11,101,2
11,104,5
11,101,2
11,103,3
11,107,3
11,106,2
11,104,5
11,108,2
12,105,3
12,103,3
12,107,2
12,108,3
12,104,5
12,102,5
12,104,5
12,102,4
12,101,4
12,102,5
12,103,5
12,107,4
12,110,5
12,109,4
12,110,2
12,103,5
12,106,4
12,109,4
12,104,5
12,102,2
12,102,5
12,101,5
12,104,5
12,107,3
12,108,5
12,104,5
12,103,3
12,107,3
12,110,5
12,103,2
12,102,5
12,103,4
12,102,3
12,104,2
13,101,2
13,105,2
13,106,2
13,102,5
13,101,4
13,108,5
13,105,2
13,109,5
13,109,2
13,101,5
13,107,4
13,107,4
13,103,5
13,101,2
13,106,2
13,104,3
13,103,2
13,104,5
13,104,2
13,110,2
13,110,4
13,110,3
13,110,2
13,102,5
13,102,4
14,103,5
14,107,3
14,106,4
14,107,2
14,105,4
14,107,2
14,103,4
14,109,5
14,110,5
14,102,3
14,109,2
14,108,3
14,106,2
14,105,5
14,101,2
14,103,3
14,109,5
14,101,2
14,108,2
14,110,4
14,106,3
14,108,2
14,102,5
14,105,5
14,110,4
14,105,2
14,101,3
14,108,4
14,108,4
14,106,5
14,110,5
14,105,4
14,105,3
15,107,3
15,109,3
15,102,5
15,104,5
15,104,3
15,102,2
15,107,5
15,108,5
15,102,3
15,103,5
15,102,4
15,108,4
15,101,3
15,101,4
15,105,2
15,107,3
15,108,5
15,102,4
15,106,2
15,106,2
15,108,2
15,106,5
15,103,4
15,110,5
15,108,3
15,102,3
15,107,2
15,103,4
15,110,3
15,110,2
15,106,2
15,101,4
15,105,2
15,110,3
15,108,3
15,110,3
16,101,2
16,110,2
16,104,2
16,102,3
16,105,4
16,104,2
16,105,3
16,102,2
16,106,3
16,110,4
16,108,4
16,109,5
16,105,4
16,103,2
16,108,5
16,104,4
16,103,4
16,102,2
16,104,5
16,103,4
16,104,3
16,106,4
16,108,4
16,109,5
16,102,2
16,106,3
16,108,4
16,108,3
16,105,5
17,105,4
17,101,2
17,107,5
17,105,5
17,103,5
17,106,4
17,110,2
17,107,5
17,107,4
17,107,2
17,105,4
17,106,3
17,107,4
17,105,2
17,108,3
17,103,5
17,105,3
17,109,4
17,106,5
17,102,3
17,110,4
17,109,4
17,109,5
17,105,5
17,105,4
17,108,4
17,109,3
17,109,2
17,108,4
17,105,3
17,102,3
17,101,4
17,105,2
17,103,2
17,107,2
17,102,4
17,107,3
17,106,3
17,102,4
17,109,4
17,110,3
17,108,2
17,103,3
17,104,4
17,104,2
17,105,3
18,108,3
18,110,2
18,107,5
18,103,4
18,110,3
18,107,4
18,102,5
18,107,4
18,102,5
18,108,2
18,103,5
18,105,4
18,103,5
18,107,3
18,105,3
18,101,4
18,110,2
18,110,4
18,108,5
18,103,4
18,104,3
18,110,2
18,104,3
18,105,5
18,105,2
18,109,4
18,106,4
18,110,3
18,106,5
18,108,2
18,104,4
18,108,3
18,101,5
18,104,2
19,109,5
19,105,2
19,103,3
19,104,3
19,109,3
19,108,2
19,102,3
19,107,4
19,110,2
19,109,4
19,101,2
19,109,2
19,107,4
19,109,5
19,106,3
19,110,3
19,104,2
19,104,2
19,101,3
19,101,3
19,101,5
19,108,4
19,103,3
19,106,5
19,106,3
19,102,4
19,101,5
19,106,4
19,110,5
19,109,3
19,101,5
19,104,5
19,105,4
19,106,5
19,103,3
19,101,4
19,105,4
19,108,3
19,101,4
19,108,5
19,101,5
19,105,3
19,103,4
19,101,2
20,102,3
20,101,2
20,101,2
20,101,3
20,103,5
20,104,5
20,103,3
20,110,3
20,104,3
20,107,2
20,101,3
20,107,2
20,106,4
20,108,4
20,104,4
20,101,2
20,108,3
20,110,5
20,108,4
20,110,3
20,103,2
20,101,5
20,105,3
20,105,2
20,109,4
20,101,5
20,104,4
20,108,2
20,107,2
20,102,3
20,102,3
20,106,3
20,108,2
20,110,2
21,107,5
21,102,4
21,103,3
21,105,2
21,104,5
21,109,4
21,105,3
21,109,4
21,109,2
21,106,4
21,103,2
21,110,4
21,101,3
21,109,4
21,110,5
21,108,3
21,103,3
21,103,2
21,110,2
21,107,2
21,101,5
21,107,2
22,110,4
22,104,2
22,109,4
22,101,5
22,104,5
22,108,3
22,101,2
22,110,4
22,104,2
22,104,5
22,108,3
22,106,5
22,109,3
22,106,2
22,105,2
22,109,3
22,104,3
22,109,2
22,108,4
22,104,5
22,110,2
22,109,2
22,104,3
22,103,3
22,109,4
22,109,3
22,109,2
22,108,5
22,101,4
23,109,4
23,109,2
23,103,4
23,107,5
23,103,3
23,108,5
23,106,4
23,104,2
23,108,4
23,109,3
23,104,4
23,101,2
23,110,5
23,110,2
23,110,2
23,106,4
23,109,5
23,107,3
23,106,4
23,107,3
23,110,4
23,108,3
23,108,5
23,106,4
23,107,3
23,110,4
23,101,4
23,110,4
23,106,4
23,110,3
23,104,4
23,101,2
24,110,3
24,104,2
24,105,4
24,107,5
24,103,3
24,103,2
24,103,2
24,110,4
24,103,2
24,107,3
24,104,2
24,106,3
24,103,2
24,109,2
24,109,4
24,105,3
24,109,4
24,109,4
24,102,5
24,102,2
24,103,5
24,101,2
24,107,5
24,104,5
25,106,2
25,109,4
25,108,3
25,107,3
25,109,4
25,108,3
25,103,5
25,101,4
25,103,3
25,109,5
25,107,4
25,103,5
25,110,3
25,101,4
25,102,3
25,102,3
25,105,4
25,105,5
25,101,2
25,107,3
25,108,3
25,107,3
25,105,5
25,102,2
25,102,4
25,101,3
25,110,3
25,107,3
25,110,2
25,105,4
25,107,4
25,103,5
25,106,4
26,109,2
26,101,5
26,109,4
26,104,3
26,107,3
26,107,5
26,110,3
26,102,5
26,110,2
26,107,5
26,109,5
26,107,3
26,105,3
26,105,3
26,103,5
26,107,3
26,102,5
26,108,3
26,107,3
26,104,2
26,104,5
26,108,5
26,108,2
26,102,3
26,103,3
26,105,5
26,102,4
26,108,5
26,109,3
26,105,5
26,106,4
26,109,5
26,104,4
26,108,5
26,102,4
27,109,4
27,105,3
27,109,3
27,107,5
27,103,5
27,109,3
27,103,3
27,106,4
27,108,2
27,109,4
27,102,4
27,108,3
27,104,3
27,108,5
27,102,5
27,102,2
27,105,2
27,108,5
27,109,3
27,101,2
27,110,3
27,108,2
27,101,2
27,108,5
27,101,4
27,110,3
27,104,5
27,103,2
27,101,2
27,102,5
27,106,4
27,103,3
27,107,2
27,110,4
27,101,3
27,110,3
27,103,4
27,104,3
27,109,3
28,104,5
28,108,2
28,110,4
28,102,5
28,108,5
28,108,3
28,101,4
28,105,4
28,108,4
28,105,4
28,101,2
28,102,4
28,101,5
28,102,5
28,110,3
28,109,2
28,101,4
28,105,2
28,106,2
28,105,4
28,109,5
28,102,3
28,101,5
28,101,5
28,102,5
28,109,4
28,108,4
28,109,4
28,102,5
28,110,3
28,107,5
28,105,3
28,101,5
28,104,3
28,102,4
28,110,2
28,103,4
28,109,2
28,101,4
28,108,5
28,109,5
29,106,5
29,109,3
29,107,2
29,108,3
29,109,5
29,102,4
29,108,5
29,109,5
29,104,5
29,109,3
29,101,4
29,106,2
29,108,5
29,110,3
29,101,2
29,102,3
29,108,5
29,105,3
29,108,2
29,107,4
29,103,2
29,101,3
29,106,4
29,106,3
29,107,3
29,108,2
29,105,3
29,103,4
29,109,5
29,108,3
29,102,3
29,103,3
29,109,2
29,106,4
30,106,2
30,104,3
30,104,3
30,101,2
30,107,4
30,101,2
30,102,5
30,108,2
30,109,4
30,101,2
30,102,3
30,101,5
30,110,4
30,108,3
30,103,3
30,110,2
30,102,2
30,105,2
30,104,4
30,107,4
30,108,2
30,105,2
30,109,4
30,109,3
30,106,5
30,101,5
30,101,2
30,104,5
30,107,2
30,105,3
30,102,5
30,109,5
30,102,2
30,103,5
30,103,4
31,108,5
31,106,4
31,107,4
31,109,5
31,110,2
31,108,2
31,110,5
31,108,3
31,104,5
31,104,2
31,107,2
31,104,3
31,108,3
31,108,3
31,109,5
31,106,3
31,108,4
31,110,2
31,101,2
31,102,2
31,101,5
31,105,5
31,107,2
31,107,2
31,108,2
31,104,3
31,104,4
31,103,2
31,103,3
31,104,2
31,105,5
31,101,3
31,108,4
31,103,3
31,110,2
31,103,2
31,108,5
31,102,3
31,106,4
31,110,2
31,103,4
32,107,4
32,105,3
32,107,3
32,106,3
32,110,2
32,102,3
32,107,5
32,105,2
32,107,3
32,109,3
32,106,5
32,104,4
32,110,3
32,106,4
32,108,2
32,104,5
32,105,3
32,110,2
32,101,5
32,107,3
32,103,4
32,106,2
32,109,5
32,104,3
32,108,3
32,107,4
32,107,4
32,110,5
32,105,3
32,107,2
32,107,3
32,101,2
32,110,3
32,109,4
33,109,2
33,103,4
33,108,5
33,109,3
33,101,2
33,104,4
33,103,4
33,108,3
33,109,5
33,102,4
33,109,2
33,104,2
33,107,3
33,106,5
33,108,3
33,108,2
33,102,3
33,104,5
33,103,2
33,102,2
33,105,3
33,101,2
33,105,4
33,104,5
33,103,2
33,108,5
33,104,4
33,103,2
33,109,3
33,104,5
33,107,3
33,106,2
33,105,4
33,105,3
33,103,2
33,104,5
33,101,4
33,104,3
33,104,2
34,101,5
34,103,3
34,110,3
34,106,4
34,105,3
34,109,4
34,105,3
34,110,2
34,102,3
34,106,3
34,104,4
34,101,4
34,103,3
34,106,4
34,108,3
34,102,4
34,108,2
34,101,3
34,101,3
34,106,3
34,103,4
34,102,5
34,104,4
34,105,4
34,103,5
35,104,5
35,103,3
35,107,4
35,109,3
35,110,2
35,103,2
35,106,2
35,105,3
35,106,3
35,104,2
35,102,2
35,110,5
35,103,4
35,108,4
35,108,5
35,105,2
35,101,2
35,107,2
35,104,4
35,103,3
35,102,2
35,106,5
35,107,4
35,102,3
35,106,4
35,109,2
35,103,4
35,105,2
35,108,2
35,110,4
35,105,5
36,108,4
36,102,4
36,106,3
36,107,4
36,109,5
36,108,3
36,103,2
36,109,5
36,106,2
36,110,2
36,109,2
36,103,2
36,104,5
36,101,2
36,105,3
36,105,5
36,110,4
36,109,3
36,106,4
36,101,3
36,109,5
36,109,4
36,103,4
36,110,3
36,107,2
36,103,4
36,106,3
36,102,3
36,104,3
36,107,3
36,106,5
36,107,3
36,109,2
37,101,2
37,108,2
37,110,2
37,108,2
37,110,5
37,105,4
37,102,4
37,108,2
37,110,5
37,107,4
37,103,2
37,103,5
37,107,2
37,101,5
37,107,3
37,104,3
37,102,3
37,101,3
37,101,4
37,102,5
37,110,3
37,106,5
37,103,3
37,108,2
37,101,3
37,107,5
37,107,4
37,103,4
37,101,5
37,103,3
37,101,3
38,106,2
38,101,2
38,101,2
38,104,2
38,106,3
38,108,3
38,102,2
38,108,4
38,109,4
38,102,3
38,104,2
38,101,5
38,106,2
38,103,5
38,107,5
38,102,2
38,101,5
38,107,4
38,106,5
38,106,2
38,106,5
38,101,5
38,101,4
38,108,4
38,103,2
38,101,3
38,102,5
38,108,4
38,102,5
38,102,5
38,109,4
38,107,5
38,106,3
38,108,3
38,101,4
38,107,3
38,110,5
38,102,3
38,106,3
38,105,5
39,103,3
39,102,4
39,109,4
39,104,4
39,110,5
39,108,4
39,105,4
39,107,3
39,108,5
39,103,4
39,104,4
39,102,3
39,106,2
39,108,5
39,105,5
39,102,3
39,106,4
39,107,3
39,103,2
39,108,4
39,101,4
39,107,3
39,101,4
39,107,4
39,101,4
39,101,3
40,110,5
40,102,3
40,109,2
40,104,5
40,103,5
40,101,5
40,106,5
40,110,3
40,105,3
40,107,3
40,101,5
40,106,2
40,108,3
40,109,4
40,107,3
40,109,5
40,108,2
40,104,4
40,107,2
40,110,3
40,105,5
40,108,2
40,104,2
40,108,4
40,104,3
40,104,2
40,110,3
40,104,2
40,109,4
40,106,4
40,101,2
40,102,2
40,106,4
40,110,5
40,108,3
40,103,3
40,104,4
40,103,4
40,104,5
40,102,4
40,105,3
40,104,2
40,106,2
40,110,4
40,106,4
40,110,3
40,104,4
41,106,5
41,109,4
41,107,4
41,105,4
41,104,3
41,106,2
41,110,4
41,109,5
41,104,2
41,106,4
41,107,4
41,103,2
41,109,2
41,109,4
41,108,2
41,106,2
41,104,4
41,110,3
41,106,2
41,103,4
41,104,2
41,109,5
41,106,3
41,101,2
42,102,3
42,107,5
42,104,5
42,107,5
42,104,3
42,105,2
42,106,2
42,104,3
42,108,2
42,103,4
42,108,5
42,110,3
42,102,3
42,106,2
42,103,3
42,101,5
42,101,2
42,102,2
42,102,5
42,107,2
42,107,4
42,105,2
42,102,5
42,104,3
42,107,4
42,109,5
42,106,4
42,101,2
42,110,2
42,109,3
43,104,5
43,107,2
43,103,5
43,107,3
43,108,5
43,104,2
43,108,4
43,102,3
43,105,2
43,107,2
43,107,5
43,105,2
43,106,3
43,103,3
43,109,2
43,110,4
43,108,5
43,108,2
43,105,4
43,106,5
43,105,3
43,103,5
43,101,3
43,106,2
43,105,4
43,105,3
43,101,5
43,104,3
43,109,5
43,105,4
43,110,2
44,104,4
44,106,3
44,109,3
44,103,3
44,104,2
44,104,2
44,102,3
44,102,3
44,106,5
44,102,2
44,101,3
44,106,5
44,106,5
44,107,3
44,109,5
44,102,3
44,103,5
44,109,2
44,109,3
44,106,3
44,109,4
44,102,2
44,101,3
44,103,4
44,108,3
44,107,5
44,106,3
44,104,4
44,104,2
44,106,4
44,109,3
44,108,4
44,104,3
44,108,5
44,107,4
44,109,4
44,108,4
44,109,4
44,105,4
45,107,2
45,103,2
45,101,4
45,109,4
45,104,5
45,104,4
45,107,3
45,102,5
45,101,4
45,106,5
45,107,4
45,105,5
45,106,5
45,110,3
45,108,4
45,108,5
45,102,3
45,106,5
45,104,2
45,102,5
45,101,2
45,109,4
45,101,2
45,103,2
45,105,3
45,109,3
45,105,5
45,106,5
45,105,5
45,106,3
45,110,3
45,105,4
45,102,5
45,103,3
45,110,3
45,104,3
45,104,3
45,101,2
45,105,3
46,106,5
46,108,3
46,105,5
46,106,4
46,101,4
46,107,2
46,109,4
46,107,4
46,102,5
46,102,5
46,107,2
46,103,5
46,106,4
46,108,5
46,104,2
46,110,4
46,109,2
46,106,5
46,110,3
46,106,2
46,101,3
46,110,5
46,106,4
46,101,2
46,106,3
46,103,4
46,108,5
46,103,5
46,107,3
46,107,3
47,110,5
47,106,1
47,107,2
47,103,1
47,110,2
47,110,2
47,110,5
47,103,5
47,103,1
47,110,4
47,105,3
47,110,2
47,106,3
47,110,3
47,107,1
47,106,1
47,103,3
47,110,2
47,104,1
47,105,3
47,108,2
47,108,2
47,108,3
47,103,5
47,110,1
47,105,2
48,103,1
48,104,4
48,110,4
48,105,2
48,102,4
48,105,1
48,104,4
48,106,1
48,104,3
48,108,3
48,101,5
48,105,5
48,101,5
48,103,5
48,109,2
48,102,2
48,102,1
48,101,5
48,106,4
48,101,1
48,110,1
48,105,1
49,107,3
49,110,3
49,103,5
49,102,2
49,107,4
49,105,1
49,109,1
49,108,1
49,102,1
49,107,4
49,106,3
49,107,4
49,109,4
49,107,1
49,106,2
49,110,5
49,109,1
49,107,1
49,104,4
49,110,5
49,108,5
49,109,5
49,108,5
49,108,4
49,110,4
49,103,1
49,101,5
49,104,3
49,108,5
49,103,1
49,103,4
49,104,1
49,104,2
49,104,5
49,110,2
49,110,2
49,106,4
49,110,1
49,107,2
49,109,3
49,104,3
49,105,3
49,101,4
49,102,4
49,107,1
50,104,3
50,105,2
50,104,5
50,102,4
50,108,1
50,102,5
50,107,3
50,103,3
50,108,5
50,106,2
50,106,4
50,108,2
50,108,4
50,104,2
50,109,2
50,106,1
50,106,2
50,103,2
50,106,5
50,108,4
50,110,5
50,106,2
50,101,3
50,110,2
50,104,2
50,109,2
50,105,1
50,103,1
50,108,3
51,103,2
51,104,2
51,108,2
51,104,2
51,110,1
51,107,5
51,109,2
51,104,3
51,109,1
51,103,5
51,109,5
51,106,2
51,110,4
51,107,5
51,108,3
51,107,5
51,110,4
51,108,2
51,105,3
51,109,5
51,101,2
51,110,2
51,103,1
51,105,4
51,110,5
51,104,3
51,104,3
51,101,1
51,104,1
51,106,4
51,110,4
51,105,3
52,102,5
52,110,2
52,107,1
52,102,2
52,106,4
52,106,4
52,107,5
52,108,2
52,101,5
52,108,5
52,101,2
52,102,2
52,105,5
52,105,1
52,106,4
52,107,4
52,102,5
52,106,2
52,108,4
52,103,1
52,103,1
52,109,5
52,110,5
52,101,1
52,105,2
52,101,4
52,103,2
52,104,4
52,108,1
53,106,3
53,109,4
53,109,4
53,107,5
53,109,2
53,103,5
53,105,2
53,108,5
53,109,2
53,110,4
53,107,5
53,102,5
53,107,2
53,103,5
53,103,5
53,110,5
53,101,5
53,104,4
53,106,1
53,109,2
53,104,1
53,107,3
53,102,2
53,106,2
53,102,1
53,103,2
53,107,4
53,101,1
53,101,5
53,102,1
53,107,2
53,103,2
53,107,2
53,101,5
53,106,3
53,103,1
53,103,2
53,107,1
53,101,2
53,105,3
53,108,1
54,102,4
54,104,2
54,104,4
54,103,4
54,102,1
54,101,3
54,102,3
54,110,2
54,101,3
54,109,1
54,104,3
54,108,3
54,104,1
54,110,5
54,109,5
54,109,3
54,102,2
54,102,5
54,109,4
54,109,1
54,107,4
54,104,4
54,106,2
54,107,2
54,101,2
54,102,3
54,110,3
54,107,2
54,106,5
54,108,1
54,108,2
54,101,4
54,102,2
54,103,4
54,108,1
54,106,5
54,102,3
54,104,1
54,109,5
54,107,4
54,102,3
54,110,1
54,109,1
54,106,5
54,109,4
55,106,4
55,101,1
55,102,5
55,105,2
55,109,5
55,108,4
55,104,3
55,110,2
55,109,3
55,102,5
55,107,3
55,110,4
55,107,3
55,110,2
55,105,2
55,110,3
55,109,2
55,110,4
55,103,3
55,108,2
55,103,1
55,106,4
55,107,2
55,103,4
55,108,1
55,106,2
55,106,3
55,107,2
55,101,3
55,105,2
55,108,4
55,110,3
55,101,5
55,106,5
55,109,3
55,106,1
56,105,2
56,102,5
56,107,4
56,107,5
56,110,4
56,104,2
56,103,4
56,105,2
56,110,1
56,103,3
56,103,5
56,110,2
56,108,2
56,104,2
56,104,4
56,101,1
56,105,3
56,110,5
56,107,1
56,102,3
56,109,2
56,107,2
56,101,2
56,105,2
56,104,1
56,107,4
56,101,5
56,107,2
56,110,1
56,110,2
56,109,4
57,110,1
57,102,2
57,107,4
57,109,1
57,105,1
57,107,2
57,105,2
57,110,1
57,104,3
57,102,4
57,110,1
57,107,2
57,104,3
57,109,1
57,107,3
57,102,3
57,103,3
57,109,3
57,107,5
57,104,3
57,101,3
57,107,1
57,105,3
57,108,2
57,106,3
57,105,4
57,110,3
57,103,1
57,109,4
57,109,4
57,104,4
57,102,5
57,108,3
57,103,4
57,106,1
57,103,1
58,109,4
58,103,2
58,106,1
58,105,2
58,107,3
58,101,2
58,109,2
58,103,4
58,110,1
58,106,4
58,106,2
58,110,3
58,105,5
58,107,2
58,103,4
58,109,1
58,110,4
58,105,2
58,101,1
58,104,1
58,108,2
58,102,3
58,107,3
58,102,2
58,108,5
58,104,1
58,105,2
58,110,3
58,110,5
58,102,2
58,104,5
58,107,1
58,106,5
58,106,5
58,110,4
58,101,4
58,108,5
58,103,2
59,110,1
59,101,5
59,101,1
59,105,2
59,109,4
59,107,1
59,108,3
59,110,5
59,102,5
59,103,4
59,105,5
59,103,5
59,101,3
59,110,4
59,108,5
59,106,1
59,108,5
59,107,1
59,101,3
59,108,2
59,107,5
59,103,2
59,102,1
59,110,5
59,108,4
59,103,3
59,107,2
59,101,1
59,102,2
59,107,5
59,107,1
59,106,1
60,102,4
60,102,1
60,109,3
60,106,4
60,106,4
60,107,2
60,110,2
60,102,4
60,104,1
60,110,3
60,102,3
60,108,1
60,107,5
60,109,4
60,104,3
60,101,4
60,106,5
60,102,2
60,101,2
60,108,3
60,110,2
61,107,5
61,107,5
61,105,3
61,102,4
61,110,3
61,110,3
61,109,4
61,107,5
61,101,2
61,106,1
61,104,5
61,103,3
61,102,2
61,107,5
61,101,2
61,104,4
61,106,4
61,108,1
61,102,4
61,106,4
61,105,5
61,107,1
61,106,2
61,103,3
61,109,5
61,108,5
61,101,1
61,108,3
61,101,5
61,109,5
61,101,4
61,104,3
61,101,2
61,110,3
61,103,5
62,109,3
62,104,1
62,103,2
62,110,5
62,104,5
62,104,3
62,104,4
62,105,5
62,103,5
62,107,2
62,109,2
62,107,1
62,108,5
62,110,4
62,105,5
62,106,4
62,107,2
62,102,5
62,108,4
62,110,5
62,104,5
62,104,2
62,105,1
62,102,3
62,102,1
62,107,2
62,109,1
62,103,2
62,109,4
63,105,3
63,105,1
63,101,1
63,110,1
63,103,3
63,103,3
63,110,5
63,105,4
63,101,4
63,107,4
63,108,1
63,103,2
63,102,3
63,107,2
63,108,1
63,105,4
63,110,1
63,102,4
63,107,3
63,101,4
63,108,1
63,106,4
63,108,1
63,108,2
63,105,4
63,101,3
63,105,5
63,110,5
63,104,5
63,105,1
63,103,2
63,109,1
63,109,3
63,101,2
64,108,5
64,104,2
64,103,3
64,106,4
64,110,2
64,103,5
64,103,3
64,109,4
64,109,4
64,108,1
64,106,3
64,101,4
64,103,4
64,104,1
64,105,4
64,106,5
64,108,4
64,105,1
64,104,3
64,110,1
64,105,5
64,108,4
64,109,3
64,105,3
64,105,1
64,108,3
64,101,5
64,102,4
64,110,2
64,109,2
64,101,1
64,106,4
64,101,1
64,104,1
64,101,3
65,103,1
65,109,4
65,103,4
65,107,5
65,105,3
65,103,5
65,101,3
65,110,2
65,105,1
65,104,3
65,102,3
65,109,2
65,102,5
65,106,2
65,108,4
65,110,4
65,101,5
65,101,4
65,105,1
65,109,1
65,103,5
65,108,4
65,104,2
65,108,5
65,107,1
65,103,4
65,104,1
65,107,1
65,106,4
65,109,2
65,108,3
65,103,2
65,108,5
65,104,1
65,104,5
65,101,4
65,103,5
65,103,1
65,109,3
65,106,1
66,110,3
66,106,3
66,105,1
66,101,3
66,106,2
66,105,5
66,105,4
66,105,3
66,109,2
66,110,3
66,106,4
66,107,1
66,109,1
66,110,1
66,105,4
66,101,4
66,105,1
66,105,2
66,110,1
66,104,5
66,102,1
66,101,5
66,107,1
66,104,1
66,103,1
66,108,4
66,105,5
66,109,1
66,106,4
66,101,1
66,102,2
67,104,3
67,103,4
67,105,3
67,106,5
67,108,3
67,102,4
67,105,3
67,106,5
67,103,3
67,107,1
67,102,1
67,104,1
67,104,3
67,103,2
67,105,5
67,103,4
67,103,2
67,106,1
67,109,2
67,107,5
67,106,3
67,109,5
67,108,1
67,110,4
67,107,5
67,108,2
67,109,2
67,104,5
67,109,1
67,102,1
67,107,4
67,109,3
67,105,1
67,102,2
67,101,2
67,110,1
67,110,2
67,101,5
68,109,3
68,108,5
68,109,2
68,101,4
68,104,3
68,106,1
68,104,4
68,103,1
68,102,2
68,102,4
68,110,3
68,101,5
68,108,4
68,103,1
68,110,4
68,101,1
68,110,2
68,104,5
68,102,2
68,101,5
68,109,4
68,108,5
68,104,1
68,109,4
68,106,2
68,105,4
68,108,1
68,106,5
68,107,5
68,106,5
68,101,4
68,108,3
68,102,2
68,105,5
68,101,3
69,102,1
69,101,3
69,101,2
69,102,2
69,102,2
69,106,1
69,108,5
69,102,2
69,110,3
69,104,3
69,103,4
69,104,1
69,104,4
69,103,5
69,102,5
69,108,1
69,105,3
69,110,2
69,108,4
69,103,1
69,106,2
69,106,1
69,101,3
69,104,1
70,103,5
70,107,5
70,107,1
70,104,5
70,108,4
70,107,2
70,106,2
70,107,1
70,101,5
70,102,4
70,109,4
70,101,1
70,109,5
70,109,5
70,101,4
70,109,2
70,103,4
70,105,3
70,109,5
70,110,3
70,101,5
70,110,3
70,101,2
70,102,3
70,106,5
70,108,1
70,109,2
70,105,3
70,110,5
70,101,1
71,110,3
71,103,3
71,104,1
71,107,1
71,105,2
71,104,1
71,105,4
71,103,1
71,108,5
71,104,5
71,105,2
71,106,4
71,108,3
71,101,5
71,105,2
71,104,4
71,103,4
71,105,5
71,106,2
71,106,2
71,107,5
71,102,2
71,102,3
71,108,5
71,105,4
71,108,2
71,109,2
71,103,4
71,109,1
71,101,2
71,104,5
71,109,1
71,109,3
71,103,4
71,103,3
71,107,3
72,102,2
72,102,1
72,110,4
72,103,4
72,103,1
72,101,2
72,101,1
72,107,2
72,109,4
72,103,4
72,102,4
72,102,5
72,102,3
72,110,4
72,105,2
72,106,4
72,107,3
72,107,3
72,110,1
72,107,3
72,108,3
72,108,1
72,106,5
72,108,2
72,110,5
72,105,4
72,101,1
72,109,2
73,103,3
73,103,2
73,101,1
73,110,3
73,107,1
73,103,5
73,104,3
73,104,4
73,109,5
73,107,4
73,101,5
73,105,1
73,105,3
73,105,2
73,103,5
73,105,2
73,110,1
73,107,1
73,106,3
73,102,2
73,105,1
73,105,2
73,108,1
74,109,1
74,104,1
74,109,2
74,108,3
74,108,1
74,104,5
74,105,2
74,105,2
74,109,3
74,110,1
74,104,3
74,105,5
74,102,5
74,105,3
74,110,1
74,106,2
74,103,3
74,107,5
74,106,2
74,110,4
74,108,3
74,108,5
74,109,4
74,107,4
74,106,2
74,110,1
74,105,1
74,107,4
74,101,4
74,102,4
74,109,3
74,108,1
74,108,2
74,110,2
74,101,4
74,105,1
74,109,4
74,101,5
74,105,3
74,103,2
74,106,3
74,107,3
75,106,5
75,104,4
75,106,2
75,110,2
75,102,2
75,106,3
75,110,4
75,103,5
75,102,5
75,107,3
75,108,4
75,109,3
75,107,3
75,108,5
75,108,1
75,107,3
75,105,5
75,105,4
75,107,1
75,107,3
75,109,5
75,105,4
75,108,1
75,102,4
75,108,5
75,107,2
75,108,2
75,106,3
76,105,2
76,103,4
76,109,3
76,107,4
76,103,1
76,101,5
76,106,4
76,104,1
76,104,4
76,103,1
76,104,3
76,109,5
76,102,3
76,110,3
76,107,2
76,103,5
76,107,3
76,101,2
76,102,1
76,103,2
76,102,3
76,105,2
76,107,3
76,105,4
76,103,4
76,103,1
76,101,2
76,106,1
76,103,4
76,109,3
76,107,4
76,107,1
76,104,1
76,103,1
76,106,2
77,103,5
77,110,5
77,104,3
77,108,2
77,104,3
77,110,1
77,104,5
77,103,3
77,103,3
77,108,2
77,107,3
77,108,5
77,105,3
77,106,3
77,104,5
77,107,1
77,102,3
77,104,4
77,101,1
77,105,2
77,104,5
77,107,4
77,108,1
77,107,1
77,103,2
77,101,3
77,109,4
77,108,3
77,103,3
77,107,5
78,108,4
78,105,4
78,101,5
78,109,4
78,107,5
78,101,5
78,101,3
78,110,1
78,104,1
78,107,3
78,107,5
78,109,4
78,107,3
78,101,1
78,101,5
78,102,2
78,109,2
78,109,5
78,106,4
78,108,4
78,109,4
78,105,1
78,104,5
78,101,4
78,109,2
78,103,4
78,103,2
78,110,5
78,104,4
78,103,3
78,104,3
78,102,5
78,105,4
78,106,3
78,103,3
78,108,3
78,107,4
79,105,1
79,108,3
79,108,5
79,110,3
79,105,3
79,102,3
79,103,4
79,101,3
79,108,5
79,101,4
79,106,2
79,103,2
79,110,5
79,110,2
79,105,4
79,101,2
79,109,1
79,103,1
79,108,5
79,101,1
79,108,5
79,101,3
79,101,2
79,107,4
79,110,1
79,101,5
79,105,2
79,103,2
79,110,2
79,109,3
79,107,3
79,109,3
79,107,3
79,101,1
80,104,4
80,108,5
80,103,3
80,103,3
80,103,2
80,109,2
80,108,2
80,110,2
80,102,1
80,103,2
80,103,2
80,107,3
80,106,1
80,103,2
80,104,2
80,104,1
80,110,2
80,110,5
80,101,4
80,110,5
80,107,4
80,105,3
80,104,1
80,103,5
80,110,3
80,102,1
80,104,2
80,107,1
80,105,1
80,104,3
80,102,1
80,103,2
80,105,3
81,109,2
81,104,4
81,103,3
81,101,3
81,107,1
81,110,4
81,104,1
81,110,3
81,106,2
81,110,1
81,101,2
81,104,4
81,107,3
81,108,2
81,105,1
81,104,3
81,103,5
81,107,2
81,104,1
81,103,2
81,103,3
81,105,5
81,103,1
82,105,2
82,101,3
82,105,1
82,104,5
82,108,2
82,108,5
82,109,5
82,109,1
82,103,2
82,109,4
82,103,4
82,109,2
82,101,4
82,110,1
82,103,4
82,101,5
82,105,1
82,102,4
82,108,2
82,108,5
82,104,5
82,107,1
82,105,5
82,101,2
83,106,1
83,104,2
83,101,2
83,105,4
83,102,4
83,108,4
83,102,5
83,101,1
83,101,3
83,109,2
83,104,5
83,105,3
83,107,2
83,104,4
83,110,3
83,110,1
83,103,5
83,105,4
83,109,1
83,106,1
83,107,2
83,103,3
83,109,3
83,106,1
83,101,4
83,109,1
83,102,1
83,103,4
83,107,5
83,109,4
83,109,4
83,105,5
84,109,1
84,104,1
84,105,5
84,103,3
84,106,1
84,102,5
84,106,3
84,104,4
84,104,5
84,101,2
84,107,3
84,109,4
84,108,1
84,103,4
84,102,2
84,103,2
84,106,2
84,108,5
84,103,4
84,105,4
84,104,5
84,105,4
84,108,5
84,104,4
84,104,5
84,109,4
84,104,3
84,107,1
84,110,4
84,103,1
84,110,1
84,108,4
84,103,4
84,101,4
84,107,3
84,106,3
85,107,3
85,101,5
85,108,1
85,101,4
85,107,3
85,101,1
85,108,1
85,104,1
85,102,1
85,109,3
85,103,3
85,103,4
85,108,4
85,109,1
85,106,5
85,107,4
85,103,1
85,108,2
85,109,3
85,102,4
85,103,2
85,105,5
85,110,2
85,105,1
85,101,1
85,110,2
85,105,5
85,102,1
85,109,5
86,108,5
86,107,1
86,108,4
86,101,1
86,101,5
86,101,3
86,107,4
86,110,5
86,104,3
86,109,3
86,102,3
86,101,4
86,107,2
86,107,3
86,110,2
86,108,5
86,108,5
86,102,4
86,101,1
86,101,1
86,102,5
86,101,1
86,109,3
86,103,4
86,104,3
86,108,3
86,102,1
86,108,5
86,106,2
86,110,1
86,105,3
86,109,5
86,106,1
86,108,2
86,103,4
86,104,2
86,103,4
86,108,1
86,101,5
86,110,3
86,102,1
86,109,4
87,103,3
87,110,1
87,104,5
87,109,4
87,108,4
87,104,4
87,103,5
87,103,2
87,105,2
87,108,4
87,105,4
87,107,4
87,103,1
87,109,4
87,105,2
87,105,3
87,105,1
87,106,1
87,108,2
87,104,3
87,109,3
87,105,5
87,107,4
87,104,4
87,102,2
87,106,3
87,103,4
87,104,3
87,105,3
87,107,5
87,109,1
87,110,1
88,108,1
88,103,3
88,103,1
88,108,2
88,109,2
88,105,1
88,103,4
88,103,2
88,105,3
88,106,2
88,110,3
88,108,5
88,105,3
88,102,2
88,102,1
88,108,1
88,110,1
88,109,1
88,102,3
88,101,4
88,103,2
88,110,1
88,102,3
88,110,2
88,108,1
88,103,1
88,103,3
89,107,4
89,105,4
89,104,2
89,109,4
89,104,3
89,103,5
89,103,3
89,107,4
89,106,3
89,109,1
89,104,1
89,110,1
89,107,4
89,110,3
89,109,2
89,109,3
89,109,2
89,101,2
89,104,5
89,106,1
89,104,2
89,101,1
89,110,3
89,108,4
89,107,5
89,106,3
89,102,5
90,104,2
90,104,1
90,102,2
90,106,3
90,103,4
90,109,5
90,103,3
90,103,5
90,103,2
90,106,4
90,106,4
90,109,2
90,101,4
90,103,3
90,101,1
90,103,1
90,108,3
90,105,4
90,101,1
90,101,2
90,103,2
90,109,3
90,108,2
90,103,3
90,106,1
90,105,3
90,108,2
90,103,1
90,109,3
90,110,3
90,101,2
91,102,4
91,104,2
91,101,5
91,101,5
91,110,3
91,106,5
91,104,1
91,106,4
91,104,4
91,106,5
91,107,1
91,108,3
91,105,3
91,104,5
91,102,2
91,102,1
91,103,4
91,101,3
91,101,1
91,110,3
91,102,2
91,109,1
91,105,4
91,103,5
91,107,4
91,108,2
91,102,1
91,110,1
91,101,1
91,106,5
91,106,2
91,102,4
91,110,2
91,103,4
91,107,2
91,110,2
91,110,1
91,104,2
91,103,5
91,106,5
91,107,5
91,104,2
92,109,5
92,102,4
92,110,5
92,107,4
92,103,3
92,108,1
92,102,3
92,110,4
92,110,5
92,109,2
92,108,3
92,107,4
92,107,4
92,108,3
92,103,5
92,105,4
92,101,3
92,109,5
92,102,3
92,110,3
92,105,1
92,107,5
92,106,1
92,103,4
92,104,5
92,110,5
92,110,4
92,105,5
92,107,3
92,108,4
92,106,5
92,104,1
92,103,1
92,106,3
92,101,2
92,101,1
92,108,3
92,104,5
93,105,3
93,106,3
93,102,2
93,101,4
93,105,2
93,104,2
93,103,2
93,109,5
93,105,4
93,106,4
93,109,5
93,105,5
93,107,5
93,109,2
93,110,1
93,107,4
93,108,1
93,107,4
93,109,5
93,104,3
93,105,4
93,107,5
93,105,2
93,107,5
93,107,5
93,103,1
93,103,2
93,109,1
93,109,5
93,110,3
93,103,1
93,109,3
93,106,2
93,101,3
93,103,5
93,107,2
93,105,1
93,106,4
94,109,3
94,107,1
94,110,2
94,106,1
94,105,2
94,109,3
94,104,2
94,104,3
94,103,2
94,109,2
94,110,3
94,105,5
94,103,1
94,110,5
94,105,4
94,107,4
94,106,3
94,102,3
94,107,3
94,103,5
94,107,2
94,109,5
94,107,4
94,106,3
94,106,1
94,105,5
94,101,2
94,103,2
94,110,4
94,102,2
94,107,2
94,101,3
94,107,5
94,105,1
94,101,4
94,106,5
94,106,4
95,110,3
95,105,4
95,105,5
95,104,2
95,101,3
95,102,4
95,103,4
95,108,3
95,103,2
95,107,5
95,104,5
95,109,3
95,110,3
95,102,4
95,108,2
95,110,1
95,103,5
95,107,4
95,102,1
95,105,4
95,103,2
95,103,3
95,104,4
95,109,4
95,102,3
95,106,4
95,105,3
95,101,3
96,101,4
96,106,3
96,104,2
96,102,5
96,106,3
96,107,1
96,108,1
96,106,3
96,101,2
96,110,1
96,101,1
96,109,5
96,105,1
96,108,1
96,101,2
96,103,2
96,110,3
96,107,3
96,103,5
96,104,3
96,103,2
96,101,2
96,103,3
96,103,4
96,105,4
96,104,1
96,103,5
96,103,2
96,109,3
96,106,5
96,101,4
96,105,2
96,107,3
96,103,4
97,102,3
97,104,5
97,107,1
97,109,1
97,109,1
97,101,4
97,109,4
97,104,4
97,102,1
97,109,3
97,109,5
97,102,3
97,104,4
97,106,2
97,107,3
97,108,4
97,109,2
97,106,3
97,106,1
97,107,3
97,101,5
97,102,5
97,104,4
97,110,4
97,106,5
97,103,4
97,107,2
97,101,4
97,106,3
97,107,2
97,104,2
97,106,2
97,109,2
97,105,4
97,108,5
97,104,2
97,105,4
97,103,4
97,110,2
97,107,2
97,101,2
98,107,2
98,109,3
98,106,2
98,110,3
98,104,5
98,105,1
98,101,5
98,107,2
98,108,4
98,103,3
98,106,2
98,108,2
98,110,1
98,102,4
98,107,2
98,110,2
98,110,3
98,103,2
98,105,3
98,103,2
98,105,5
98,110,3
98,106,1
98,101,2
98,109,4
98,104,4
98,106,5
98,105,2
98,107,5
98,109,3
98,107,5
98,105,4
99,109,4
99,108,4
99,105,5
99,101,1
99,110,3
99,105,3
99,108,4
99,110,1
99,109,1
99,107,2
99,109,1
99,108,5
99,101,3
99,110,5
99,105,5
99,102,4
99,107,4
99,101,4
99,108,5
99,108,4
99,109,5
99,103,3
99,103,4
99,109,4
99,110,4
99,104,2
99,106,2
99,110,4
99,110,5
99,108,1
99,106,3
99,106,1
99,102,4
99,105,2
99,110,4
99,108,1
99,105,3
99,106,5
99,106,4
99,106,5
99,109,3
99,110,2
99,106,5
100,110,2
100,106,3
100,102,1
100,103,3
100,104,3
100,108,3
100,101,1
100,102,5
100,110,5
100,103,2
100,103,3
100,102,1
100,103,5
100,101,5
100,109,2
100,110,2
100,110,3
100,102,5
100,105,2
100,110,1
100,106,1
100,106,1
100,102,4
100,106,2
100,102,3
100,104,2
100,105,2
100,102,5
100,109,1
101,102,2
101,105,3
101,105,3
101,103,3
101,103,2
101,104,3
101,104,1
101,106,3
101,103,1
101,106,3
101,109,3
101,102,1
101,104,5
101,107,1
101,109,4
101,109,5
101,110,5
101,108,3
101,102,4
101,108,3
101,105,5
101,104,3
101,106,1
101,109,3
101,102,3
101,103,4
101,110,3
102,108,2
102,109,2
102,102,3
102,106,5
102,106,5
102,102,2
102,107,3
102,104,2
102,103,3
102,103,1
102,108,5
102,108,2
102,105,2
102,102,5
102,101,2
102,105,5
102,108,1
102,107,1
102,104,5
102,107,2
102,108,3
102,110,3
102,102,5
102,101,4
102,103,1
102,106,3
102,108,3
102,110,3
102,104,1
102,103,1
102,102,1
102,108,2
102,103,3
102,107,3
102,109,2
103,109,5
103,107,3
103,109,1
103,104,5
103,101,1
103,108,2
103,109,5
103,103,5
103,104,3
103,102,1
103,107,1
103,102,4
103,108,3
103,106,4
103,103,5
103,107,1
103,103,2
103,106,1
103,107,3
103,104,1
103,102,2
103,108,2
103,101,5
103,102,1
103,106,4
103,104,2
103,105,5
103,102,2
103,109,1
103,110,4
103,105,4
103,107,3
103,106,3
104,107,2
104,104,2
104,109,3
104,107,4
104,108,4
104,103,2
104,101,4
104,106,1
104,102,4
104,102,2
104,106,3
104,106,3
104,106,1
104,101,5
104,108,4
104,106,2
104,107,2
104,102,2
104,110,1
104,104,4
104,108,2
104,107,3
104,108,5
104,101,1
104,101,5
104,104,1
104,105,3
104,108,3
104,107,3
104,108,3
104,106,3
104,106,5
104,108,4
105,106,1
105,101,1
105,106,2
105,102,5
105,110,3
105,108,5
105,107,1
105,109,2
105,102,4
105,104,4
105,104,5
105,104,2
105,107,4
105,101,4
105,102,1
105,101,5
105,110,4
105,108,1
105,107,3
105,107,3
105,103,4
105,103,3
105,103,5
105,105,4
105,103,2
105,104,1
105,107,5
105,108,5
105,103,3
105,101,2
105,104,3
105,102,5
105,109,5
105,109,5
105,110,2
105,108,5
105,101,5
105,102,5
105,104,5
105,107,1
105,109,4
105,108,4
105,109,3
106,102,2
106,109,5
106,101,1
106,106,5
106,103,2
106,101,5
106,106,3
106,106,3
106,102,5
106,103,2
106,105,4
106,102,2
106,105,1
106,109,2
106,109,1
106,109,2
106,104,4
106,106,2
106,107,1
106,102,5
106,105,4
106,101,1
106,103,2
106,106,3
106,104,5
106,108,2
106,103,1
106,106,3
106,109,4
106,109,5
106,105,2
106,101,3
106,103,5
106,101,4
107,107,3
107,101,5
107,106,3
107,101,2
107,109,4
107,102,3
107,110,4
107,103,2
107,105,2
107,101,4
107,105,2
107,108,2
107,103,4
107,101,3
107,106,2
107,108,1
107,108,5
107,104,2
107,104,5
107,101,3
107,102,3
107,101,4
107,101,1
107,103,2
107,108,4
107,107,2
107,106,2
107,106,3
107,108,5
107,109,2
107,104,1
107,110,2
107,106,4
107,108,5
107,105,5
107,109,4
107,105,4
107,104,1
107,109,1
107,107,3
108,110,4
108,105,2
108,105,4
108,110,5
108,108,1
108,103,5
108,101,3
108,102,5
108,103,4
108,104,1
108,102,5
108,101,1
108,109,5
108,103,3
108,107,1
108,110,4
108,105,3
108,102,2
108,108,2
108,107,4
108,103,2
108,104,3
108,105,2
108,110,3
108,101,3
108,105,3
108,106,5
108,106,1
108,101,2
108,103,5
108,110,5
108,104,4
108,110,2
108,103,5
108,101,3
109,103,3
109,110,5
109,103,1
109,106,2
109,107,5
109,104,5
109,101,3
109,102,2
109,105,3
109,101,5
109,109,5
109,102,2
109,104,3
109,101,2
109,105,3
109,110,4
109,106,5
109,105,4
109,105,1
109,105,4
109,101,5
109,107,3
109,101,1
109,101,2
109,104,4
109,104,5
109,103,1
110,110,4
110,103,1
110,105,3
110,106,2
110,110,1
110,103,2
110,105,4
110,103,3
110,101,1
110,110,4
110,101,4
110,105,2
110,105,3
110,104,4
110,109,5
110,108,3
110,101,3
110,105,2
110,108,4
110,107,4
110,106,3
110,104,5
110,109,1
110,104,2
110,102,1
110,103,3
110,110,2
110,102,4
111,105,1
111,107,3
111,107,4
111,103,3
111,109,5
111,107,5
111,104,1
111,110,1
111,109,4
111,105,4
111,105,3
111,110,1
111,107,3
111,110,3
111,108,5
111,101,4
111,103,5
111,101,4
111,108,4
111,104,5
111,104,3
111,102,3
111,101,5
111,106,4
111,108,2
111,110,4
111,107,2
112,102,1
112,110,5
112,103,3
112,101,4
112,110,4
112,101,1
112,110,4
112,102,4
112,109,3
112,103,2
112,102,2
112,109,4
112,106,4
112,103,5
112,103,1
112,106,5
112,101,4
112,110,1
112,109,3
112,106,1
112,107,2
112,105,2
112,102,2
112,109,3
112,104,2
112,101,4
112,101,5
112,107,1
112,101,1
112,101,5
113,104,4
113,101,3
113,109,5
113,108,3
113,104,3
113,103,1
113,105,1
113,107,4
113,105,2
113,102,5
113,101,2
113,103,2
113,110,3
113,102,5
113,110,4
113,110,2
113,105,4
113,102,5
113,106,1
113,101,2
113,105,1
113,104,4
113,103,2
113,103,5
113,103,4
113,109,1
113,106,5
113,104,2
113,110,1
113,104,5
113,108,1
113,101,5
113,109,4
113,103,5
113,104,4
114,105,2
114,103,2
114,108,3
114,102,3
114,106,2
114,109,4
114,107,4
114,103,2
114,107,4
114,109,2
114,102,5
114,110,2
114,106,1
114,109,3
114,105,5
114,105,1
114,109,3
114,102,2
114,105,2
114,103,5
114,102,2
114,108,5
114,101,4
114,104,5
114,101,1
114,104,2
114,108,5
114,103,3
114,107,3
114,104,4
114,108,2
114,102,3
114,108,5
115,105,4
115,102,3
115,101,5
115,103,3
115,108,4
115,109,2
115,108,3
115,110,4
115,108,4
115,103,3
115,107,3
115,110,3
115,107,3
115,102,4
115,101,4
115,107,5
115,108,5
115,105,2
115,108,5
115,101,5
115,110,3
115,105,5
115,102,1
115,104,3
115,104,4
116,107,3
116,102,4
116,109,3
116,106,1
116,107,3
116,105,4
116,105,3
116,110,1
116,107,4
116,109,4
116,103,2
116,109,2
116,109,3
116,106,2
116,101,3
116,101,2
116,106,5
116,102,1
116,109,3
116,104,1
116,108,2
116,104,5
116,104,2
116,102,2
116,105,4
116,109,3
116,110,1
116,105,4
116,106,5
116,101,3
116,104,1
116,106,1
116,101,3
116,106,3
116,103,2
116,103,3
116,107,2
116,107,2
116,103,1
117,110,2
117,104,2
117,110,4
117,110,4
117,105,5
117,108,2
117,104,3
117,101,2
117,108,2
117,103,3
117,109,2
117,109,4
117,107,3
117,107,4
117,106,4
117,109,1
117,104,5
117,109,4
117,109,5
117,102,3
117,102,1
117,102,1
117,108,5
117,110,5
117,104,2
117,106,1
117,102,4
117,106,4
117,103,3
117,101,1
117,103,4
117,110,5
117,104,4
117,106,5
117,102,1
117,104,1
118,102,5
118,109,2
118,110,2
118,106,4
118,104,2
118,105,4
118,103,4
118,109,5
118,101,2
118,103,3
118,108,2
118,108,1
118,103,5
118,105,2
118,103,3
118,102,5
118,109,4
118,104,4
118,106,4
118,102,1
118,104,2
118,104,4
118,102,2
118,110,1
118,103,5
118,110,4
118,108,3
118,103,2
118,102,4
118,104,4
118,107,5
118,109,2
118,108,4
118,110,1
119,107,3
119,103,1
119,110,3
119,110,2
119,109,4
119,104,1
119,108,2
119,107,5
119,110,3
119,105,3
119,105,4
119,106,4
119,103,2
119,108,3
119,109,3
119,105,1
119,108,1
119,102,2
119,101,2
119,102,4
119,110,2
119,107,1
119,110,4
119,105,5
119,104,1
119,103,4
119,109,1
120,110,5
120,101,5
120,107,3
120,110,5
120,105,4
120,109,5
120,104,3
120,110,5
120,105,4
120,107,1
120,106,1
120,105,3
120,108,3
120,103,4
120,110,5
120,105,4
120,110,3
120,108,5
120,107,2
120,102,3
120,104,5
120,109,1
120,102,2
120,105,4
120,108,2
120,109,1
120,108,1
120,106,2
120,102,3
120,102,2
120,107,2
120,103,1
120,109,5
121,109,2
121,102,3
121,103,3
121,102,1
121,106,3
121,104,2
121,107,3
121,105,3
121,110,5
121,101,3
121,104,4
121,102,3
121,109,5
121,106,2
121,103,4
121,108,1
121,104,2
121,102,1
121,101,5
121,105,3
121,103,1
121,105,1
121,108,4
121,109,4
121,110,5
121,103,3
121,110,3
121,108,3
121,110,3
122,102,4
122,102,4
122,107,4
122,101,2
122,109,2
122,106,4
122,103,2
122,109,3
122,104,2
122,110,2
122,103,1
122,102,4
122,108,5
122,104,4
122,105,3
122,105,1
122,102,1
122,110,4
122,105,3
122,105,1
122,109,3
122,107,4
122,109,1
122,101,4
122,102,5
122,107,2
122,105,5
122,109,1
122,106,5
122,102,5
122,103,4
123,103,1
123,101,1
123,108,1
123,106,2
123,102,4
123,102,2
123,108,1
123,110,5
123,101,1
123,106,5
123,101,4
123,110,1
123,102,1
123,110,1
123,103,1
123,105,1
123,106,2
123,109,4
123,101,1
123,109,2
123,107,4
123,110,5
123,109,1
123,105,1
123,110,3
123,106,1
123,101,1
123,105,3
123,106,1
123,108,2
123,103,2
123,109,4
123,110,2
123,107,3
124,107,3
124,107,1
124,102,5
124,107,4
124,103,3
124,110,2
124,104,3
124,106,3
124,102,2
124,101,5
124,102,1
124,108,4
124,107,4
124,101,5
124,109,1
124,102,2
124,108,2
124,107,2
124,107,1
124,101,2
124,104,4
124,106,2
124,106,5
124,102,2
124,108,4
124,108,3
124,103,3
124,102,2
124,105,1
124,102,5
124,108,3
124,101,1
124,102,5
124,103,3
124,103,5
124,109,2
124,108,2
124,103,2
124,102,5
125,101,3
125,104,4
125,102,5
125,105,3
125,106,1
125,107,4
125,109,1
125,101,1
125,110,1
125,109,5
125,109,1
125,108,3
125,108,1
125,106,5
125,106,4
125,106,5
125,102,5
125,101,5
125,110,2
125,102,4
125,102,1
125,107,3
125,105,4
125,108,1
125,104,2
125,110,2
125,110,1
125,109,1
125,105,5
125,104,2
125,102,3
125,109,5
126,107,2
126,110,4
126,104,1
126,105,1
126,108,4
126,104,3
126,102,5
126,106,2
126,101,5
126,104,5
126,104,2
126,110,1
126,103,4
126,108,4
126,105,1
126,108,5
126,108,4
126,108,3
126,101,2
126,110,4
126,101,1
126,104,5
126,103,5
126,104,5
126,108,4
126,110,5
126,103,4
126,109,1
126,101,5
126,104,4
126,109,2
126,103,2
126,108,3
126,103,2
126,103,1
126,108,5
126,107,5
126,108,4
126,108,5
126,110,1
126,103,3
127,104,2
127,105,4
127,106,1
127,110,2
127,109,2
127,103,3
127,108,4
127,101,4
127,107,4
127,108,4
127,105,4
127,104,3
127,110,2
127,102,4
127,102,1
127,108,1
127,103,3
127,101,2
127,110,3
127,108,5
127,110,1
127,102,1
127,103,4
127,103,5
127,109,2
127,110,4
127,103,3
127,106,2
127,104,3
127,104,4
127,106,2
127,107,4
127,104,5
127,108,3
128,104,1
128,102,1
128,107,5
128,105,3
128,103,2
128,103,5
128,110,1
128,101,3
128,109,5
128,101,4
128,107,4
128,106,3
128,102,4
128,109,4
128,103,3
128,103,3
128,105,4
128,109,4
128,102,5
128,108,5
128,109,1
128,101,2
128,103,1
128,103,1
128,101,2
128,106,2
128,102,2
128,105,4
128,101,4
128,108,1
128,103,4
128,106,4
128,109,2
129,104,3
129,102,5
129,101,4
129,104,1
129,108,4
129,104,3
129,103,2
129,104,2
129,102,2
129,109,3
129,105,2
129,109,4
129,107,5
129,104,4
129,103,5
129,109,2
129,109,4
129,103,2
129,104,3
129,102,5
129,102,5
129,107,5
129,104,5
129,104,5
129,103,2
129,104,4
129,103,2
129,108,2
129,104,3
129,101,2
129,104,3
129,109,5
130,110,1
130,109,5
130,103,5
130,105,2
130,106,2
130,109,4
130,101,5
130,103,4
130,104,2
130,108,2
130,103,4
130,108,3
130,110,5
130,101,3
130,107,5
130,105,2
130,107,5
130,107,4
130,104,5
130,108,2
130,109,1
130,108,5
130,101,5
130,107,4
130,101,3
130,110,3
130,110,2
130,107,4
131,108,4
131,102,5
131,108,4
131,106,4
131,104,2
131,104,5
131,101,4
131,104,2
131,110,3
131,105,1
131,106,1
131,105,2
131,106,2
131,109,2
131,108,5
131,103,4
131,104,4
131,101,2
131,104,4
131,108,1
131,102,4
131,103,2
131,103,2
131,102,4
131,104,2
131,107,2
131,109,4
131,108,2
131,110,1
131,102,1
131,110,4
131,104,1
131,101,1
131,110,3
131,108,4
131,109,5
131,105,1
131,107,1
131,101,3
132,105,5
132,107,3
132,108,5
132,104,3
132,103,3
132,104,4
132,105,3
132,101,2
132,108,1
132,103,1
132,102,4
132,106,3
132,106,3
132,110,1
132,110,1
132,106,4
132,108,2
132,104,2
132,101,1
132,104,3
132,103,3
132,105,3
132,108,1
132,107,5
132,101,5
132,104,5
132,110,5
132,109,2
133,105,4
133,108,3
133,106,4
133,110,3
133,109,4
133,106,1
133,108,1
133,103,1
133,105,3
133,109,2
133,107,1
133,109,4
133,106,2
133,105,2
133,106,2
133,104,5
133,106,5
133,102,1
133,104,5
133,105,4
133,109,4
133,101,4
133,108,3
133,101,2
133,110,5
133,108,2
133,105,5
133,108,1
133,104,3
133,110,1
133,110,5
133,105,4
133,106,3
133,105,3
134,104,5
134,107,3
134,103,1
134,103,3
134,105,2
134,102,5
134,104,4
134,110,5
134,109,3
134,109,4
134,110,4
134,108,4
134,109,3
134,109,2
134,103,1
134,104,2
134,105,3
134,102,1
134,103,3
134,104,2
134,107,3
134,106,1
134,108,3
134,105,1
134,104,2
134,102,2
134,107,4
134,105,3
134,110,2
134,103,5
134,106,4
134,103,3
134,109,3
134,104,5
134,102,5
134,110,4
134,110,4
135,102,2
135,102,4
135,103,3
135,108,1
135,107,2
135,104,1
135,101,2
135,109,5
135,107,4
135,110,4
135,108,2
135,107,4
135,101,3
135,110,2
135,106,5
135,103,2
135,101,5
135,104,4
135,108,3
135,103,5
135,110,3
135,102,5
135,102,4
135,104,5
135,104,2
135,102,1
135,110,3
135,102,2
135,101,1
135,106,4
135,103,3
135,109,5
135,104,1
135,108,2
136,105,2
136,108,1
136,106,2
136,105,1
136,108,4
136,104,2
136,107,1
136,104,4
136,104,5
136,109,2
136,101,4
136,106,4
136,102,4
136,108,2
136,106,5
136,101,4
136,106,2
136,103,3
136,108,2
136,102,2
136,105,2
136,106,4
136,104,4
136,103,3
136,104,1
136,108,3
136,105,4
136,104,1
136,104,2
136,110,1
136,110,3
136,103,2
136,109,3
136,108,2
136,102,2
136,105,1
136,105,1
136,109,2
137,107,4
137,104,5
137,106,5
137,103,3
137,105,4
137,103,5
137,101,2
137,101,5
137,109,2
137,106,3
137,103,1
137,103,3
137,109,4
137,101,1
137,103,1
137,110,1
137,103,4
137,107,5
137,107,2
137,101,5
137,105,4
137,102,4
137,107,5
137,110,1
137,104,5
137,110,3
137,101,4
137,108,1
137,107,1
137,107,4
137,102,1
137,101,3
137,109,5
137,106,3
137,101,2
138,107,2
138,109,5
138,107,4
138,103,2
138,107,3
138,106,5
138,108,2
138,106,1
138,108,2
138,109,5
138,103,3
138,107,5
138,103,5
138,107,2
138,104,4
138,109,3
138,105,1
138,108,1
138,104,4
138,106,3
138,106,1
138,109,4
138,106,5
138,110,2
138,103,3
138,105,1
138,109,1
138,105,2
138,105,4
138,101,1
138,110,3
138,103,5
138,104,5
138,104,4
138,109,4
139,110,4
139,105,5
139,102,5
139,109,3
139,106,5
139,103,3
139,109,5
139,107,2
139,109,2
139,101,2
139,103,5
139,108,2
139,108,4
139,106,5
139,108,5
139,107,1
139,110,1
139,103,2
139,107,2
139,110,1
139,104,2
139,104,4
139,101,4
139,109,2
139,106,2
139,109,4
139,110,1
139,108,4
139,110,4
139,108,3
139,109,5
139,107,5
139,103,2
139,108,1
139,107,1
140,102,2
140,102,4
140,103,1
140,105,5
140,107,3
140,110,1
140,106,1
140,108,5
140,109,4
140,102,3
140,105,4
140,109,5
140,103,4
140,104,2
140,110,1
140,107,4
140,107,1
140,109,2
140,109,3
140,107,1
140,101,1
140,106,1
140,104,5
140,106,5
140,108,5
140,106,5
140,108,3
140,105,5
140,101,5
140,110,5
140,104,1
141,103,4
141,104,3
141,103,5
141,102,5
141,103,3
141,103,4
141,104,2
141,108,3
141,106,4
141,105,1
141,101,4
141,103,3
141,102,2
141,101,5
141,102,2
141,104,3
141,107,2
141,109,3
141,108,4
141,109,2
141,109,3
141,109,1
141,106,5
141,101,5
141,108,5
141,107,5
141,105,1
141,106,3
142,101,4
142,106,3
142,108,3
142,109,3
142,103,2
142,105,3
142,102,2
142,105,1
142,101,1
142,107,3
142,106,3
142,107,1
142,106,5
142,109,1
142,110,2
142,110,3
142,108,1
142,104,1
142,106,4
142,101,5
142,108,2
142,106,5
142,104,1
142,103,2
142,106,1
142,110,1
142,106,2
142,106,4
142,101,3
142,102,1
142,102,3
142,103,4
142,102,3
142,102,5
142,109,4
142,107,1
142,109,4
142,104,3
142,109,2
142,101,2
142,102,4
142,104,3
142,109,4
142,108,2
142,106,5
142,109,2
143,102,5
143,101,4
143,105,1
143,101,2
143,105,5
143,103,1
143,101,2
143,106,1
143,110,4
143,106,2
143,103,5
143,103,4
143,104,2
143,106,5
143,101,4
143,104,3
143,106,5
143,107,1
143,108,5
143,107,5
143,110,3
143,106,4
143,105,3
143,107,1
143,101,2
143,104,3
143,109,5
143,104,5
143,103,2
143,106,5
143,108,5
143,104,1
143,101,1
143,107,5
143,108,2
143,109,3
143,108,2
143,102,2
143,101,2
143,101,5
143,106,3
143,104,2
143,104,2
143,103,4
143,108,5
143,105,4
143,105,5
144,107,5
144,102,2
144,105,5
144,101,2
144,102,3
144,102,5
144,107,5
144,101,3
144,104,4
144,105,4
144,102,3
144,107,1
144,109,2
144,110,3
144,105,1
144,109,5
144,103,2
144,103,2
144,102,3
144,108,5
144,109,2
144,109,1
144,103,4
144,103,2
144,105,4
144,106,2
144,102,2
144,104,5
144,103,2
144,102,3
144,108,4
144,102,2
144,105,2
144,109,4
144,110,3
144,110,1
144,101,5
144,109,3
144,103,4
144,105,5
144,105,2
145,101,2
145,106,2
145,109,1
145,103,1
145,110,3
145,104,4
145,107,3
145,108,5
145,101,5
145,110,2
145,109,3
145,104,3
145,102,2
145,108,5
145,102,1
145,110,1
145,102,5
145,105,3
145,106,2
145,103,4
145,104,3
145,101,2
145,107,1
145,106,2
145,108,4
145,101,1
145,104,3
145,106,3
145,101,3
145,104,4
145,103,4
145,104,3
145,101,3
145,108,5
145,104,4
145,103,2
145,110,2
146,105,2
146,102,1
146,106,2
146,107,2
146,102,2
146,104,2
146,102,1
146,101,3
146,106,3
146,101,1
146,101,1
146,102,4
146,110,5
146,105,2
146,101,4
146,105,3
146,106,3
146,102,5
146,103,2
146,106,1
146,104,2
146,106,5
146,103,1
146,104,1
146,109,2
146,103,1
146,107,3
146,106,5
146,108,3
146,105,2
146,101,5
146,103,1
146,103,3
146,106,2
146,108,4
146,102,2
146,110,5
146,103,1
146,106,5
146,101,2
147,102,3
147,110,4
147,101,2
147,104,5
147,104,2
147,107,2
147,108,4
147,102,4
147,103,1
147,109,1
147,105,4
147,108,2
147,103,1
147,101,2
147,108,5
147,101,5
147,102,1
147,102,2
147,105,4
147,102,4
147,105,2
147,106,2
147,106,4
147,107,4
147,108,1
147,105,4
147,101,5
147,104,1
147,109,4
147,108,5
147,103,2
147,108,2
147,104,3
148,106,1
148,104,1
148,102,2
148,105,5
148,108,2
148,107,3
148,104,3
148,102,1
148,110,3
148,104,5
148,108,3
148,101,4
148,106,3
148,102,1
148,110,5
148,106,1
148,101,4
148,105,1
148,101,3
148,102,4
148,107,5
148,107,4
148,103,3
148,109,5
148,101,2
148,104,4
148,102,2
148,108,3
148,109,3
148,107,2
149,108,4
149,101,2
149,101,1
149,106,2
149,104,5
149,110,1
149,110,1
149,107,2
149,110,2
149,105,5
149,109,2
149,104,1
149,107,1
149,106,2
149,106,2
149,110,3
149,110,4
149,105,1
149,102,4
149,107,3
149,102,2
149,102,2
149,109,3
149,101,4
149,109,5
149,105,1
149,101,5
149,104,5
149,108,5
149,110,2
149,105,3
149,108,5
149,103,3
149,105,4
149,104,5
149,103,2
150,102,3
150,106,3
150,110,2
150,107,2
150,101,2
150,106,4
150,108,5
150,105,4
150,101,4
150,105,4
150,107,4
150,108,2
150,101,5
150,106,3
150,102,5
150,104,4
150,107,1
150,101,3
150,107,1
150,101,5
150,101,4
150,110,5
150,104,4
150,102,4
150,101,3
150,105,2
150,102,5
150,101,5
150,103,4
150,102,4
150,107,2
150,107,2
151,109,1
151,109,5
151,102,3
151,107,5
151,102,5
151,109,3
151,101,3
151,102,5
151,106,1
151,108,4
151,109,5
151,102,3
151,108,1
151,102,4
151,108,2
151,104,4
151,109,5
151,104,3
151,108,5
151,102,2
151,109,1
151,107,4
152,103,2
152,105,5
152,104,5
152,103,3
152,106,5
152,101,3
152,104,5
152,103,2
152,106,3
152,107,5
152,105,2
152,102,1
152,110,5
152,101,2
152,101,3
152,109,2
152,104,3
152,102,1
152,103,4
152,109,3
152,105,2
152,103,3
152,109,1
152,104,5
152,103,5
152,110,2
152,110,3
152,103,2
152,110,3
152,103,1
153,109,1
153,105,4
153,102,3
153,110,1
153,102,3
153,108,1
153,109,1
153,108,3
153,102,3
153,106,2
153,105,2
153,109,5
153,102,5
153,106,1
153,102,1
153,110,4
153,110,5
153,102,4
153,102,3
153,107,5
153,104,4
153,102,3
153,101,1
153,108,1
153,110,1
154,109,3
154,105,3
154,104,5
154,108,5
154,110,5
154,102,4
154,110,3
154,103,5
154,103,4
154,107,1
154,104,1
154,102,4
154,101,4
154,101,5
154,106,3
154,110,5
154,109,3
154,106,1
154,102,4
154,101,1
154,103,3
154,101,1
154,108,4
154,110,5
154,101,3
154,110,4
154,105,2
154,103,2
154,109,4
155,107,4
155,104,1
155,104,4
155,106,2
155,108,1
155,107,3
155,102,4
155,110,2
155,106,2
155,108,1
155,101,2
155,103,5
155,107,3
155,108,1
155,105,2
155,101,4
155,107,1
155,109,4
155,107,3
155,104,3
155,105,1
155,104,2
155,105,4
155,108,1
155,110,4
155,101,3
155,107,2
155,105,1
155,102,5
155,103,5
156,104,2
156,107,1
156,104,4
156,108,3
156,109,5
156,102,3
156,102,5
156,104,4
156,107,4
156,110,1
156,101,3
156,109,4
156,102,1
156,101,1
156,103,5
156,110,2
156,101,5
156,105,2
156,103,5
156,110,1
156,108,1
156,109,3
156,110,4
156,110,5
156,107,1
156,101,3
156,101,5
156,109,5
156,105,4
157,110,5
157,107,3
157,110,1
157,107,5
157,104,3
157,107,2
157,109,3
157,109,1
157,110,1
157,107,3
157,102,2
157,109,4
157,103,5
157,103,5
157,106,1
157,109,3
157,106,1
157,102,1
157,103,5
157,105,1
157,109,5
157,103,3
157,104,4
157,104,3
157,102,4
157,102,5
157,106,3
157,106,2
157,110,3
157,107,3
157,103,5
157,101,4
157,106,3
157,108,2
157,110,5
157,101,1
157,101,3
157,101,4
157,106,4
157,104,4
157,110,3
157,103,4
157,109,3
158,101,1
158,104,5
158,108,5
158,109,5
158,110,3
158,108,5
158,103,1
158,108,2
158,107,1
158,106,3
158,108,3
158,110,4
158,107,2
158,102,3
158,104,1
158,104,4
158,109,5
158,101,3
158,107,1
158,103,2
158,104,1
158,103,3
158,101,1
158,109,2
158,106,1
158,103,5
158,102,3
158,107,1
158,107,4
158,104,5
158,109,4
158,102,2
158,101,5
159,102,2
159,103,4
159,109,5
159,102,1
159,109,1
159,102,1
159,109,2
159,105,2
159,110,2
159,109,4
159,105,2
159,110,4
159,109,1
159,104,5
159,105,1
159,109,3
159,101,4
159,108,1
159,105,5
159,103,2
159,101,3
159,102,1
159,107,5
159,101,1
159,106,5
159,109,5
159,103,3
159,105,4
159,108,4
159,103,1
159,108,2
159,105,4
159,104,2
159,101,4
159,101,2
159,106,1
159,109,3
159,110,3
159,101,4
159,109,3
159,110,1
160,102,5
160,101,1
160,109,1
160,109,1
160,102,3
160,109,5
160,103,1
160,105,1
160,106,2
160,108,5
160,102,2
160,110,1
160,109,3
160,107,1
160,102,2
160,106,2
160,103,3
160,103,2
160,109,2
160,108,5
160,102,4
160,109,5
160,103,2
160,104,5
160,109,3
160,104,3
160,107,2
160,104,5
160,102,4
160,102,3
160,105,1
160,102,3
160,101,5
160,110,5
160,101,2
160,104,2
160,108,2
160,105,2
160,102,2
161,108,1
161,108,2
161,105,3
161,105,4
161,110,3
161,110,1
161,104,5
161,101,2
161,104,4
161,107,5
161,103,5
161,104,3
161,101,4
161,110,4
161,106,5
161,104,1
161,101,5
161,108,5
161,103,2
161,109,1
161,110,2
161,102,5
161,103,1
161,105,4
161,106,4
161,106,5
161,107,1
161,107,4
161,108,1
161,104,1
161,106,1
162,110,5
162,104,2
162,103,3
162,105,3
162,108,5
162,106,3
162,107,3
162,109,2
162,105,5
162,104,5
162,106,2
162,105,1
162,103,5
162,110,4
162,107,4
162,103,2
162,108,2
162,103,5
162,105,3
162,104,4
162,103,2
162,110,1
162,103,3
162,107,4
162,108,4
162,106,3
162,106,1
162,110,3
162,105,3
162,105,5
162,102,2
162,102,4
163,105,5
163,105,1
163,108,4
163,104,4
163,101,1
163,103,4
163,110,5
163,101,3
163,105,1
163,108,2
163,109,5
163,102,3
163,102,1
163,110,5
163,109,4
163,110,3
163,102,1
163,105,5
163,107,3
163,104,3
163,110,1
163,110,5
163,106,1
163,110,5
163,104,1
163,108,2
163,108,5
163,108,2
163,107,5
163,101,2
163,102,5
163,110,5
163,107,2
163,108,1
164,104,4
164,105,2
164,105,5
164,101,3
164,101,4
164,106,2
164,106,1
164,102,1
164,107,4
164,109,4
164,102,3
164,103,4
164,104,3
164,101,1
164,104,4
164,106,5
164,102,4
164,105,5
164,108,5
164,105,1
164,105,4
164,103,2
164,110,1
164,101,3
164,104,1
164,107,5
164,108,1
164,101,2
164,105,2
164,107,3
164,102,3
164,108,2
164,107,5
164,109,3
164,107,3
165,101,4
165,108,5
165,101,5
165,109,1
165,108,3
165,108,5
165,103,4
165,110,4
165,105,4
165,108,2
165,101,1
165,110,2
165,106,2
165,107,3
165,107,4
165,107,2
165,102,3
165,105,5
165,108,3
165,105,5
165,102,4
165,104,4
165,103,5
165,102,1
165,109,3
165,106,2
165,107,2
165,101,2
165,106,2
165,101,5
165,103,4
165,107,1
165,105,5
165,107,2
165,105,4
166,104,3
166,105,1
166,110,3
166,107,2
166,107,1
166,108,2
166,105,4
166,104,5
166,106,1
166,109,1
166,105,5
166,106,1
166,105,4
166,110,5
166,104,5
166,102,4
166,110,3
166,104,4
166,101,4
166,108,3
166,102,4
166,103,2
166,105,3
166,108,4
166,110,1
166,106,5
166,105,1
166,104,4
166,103,4
167,107,4
167,104,2
167,104,2
167,105,5
167,109,4
167,101,3
167,109,4
167,108,2
167,105,4
167,104,2
167,108,1
167,110,4
167,109,1
167,110,4
167,105,4
167,104,4
167,107,3
167,108,4
167,103,5
167,109,1
167,109,4
167,102,3
167,101,4
167,106,5
167,104,3
167,101,3
167,102,4
167,105,3
167,101,3
167,103,2
167,109,3
167,109,2
167,101,2
167,105,5
167,106,1
167,103,3
167,105,1
167,103,4
167,106,5
167,107,5
168,101,5
168,105,5
168,108,4
168,106,5
168,103,4
168,104,5
168,107,4
168,104,1
168,110,1
168,101,3
168,107,4
168,108,4
168,107,4
168,110,4
168,102,1
168,109,2
168,105,2
168,110,2
168,106,1
168,110,5
168,109,3
168,104,1
168,106,2
168,101,5
168,104,4
168,101,3
168,109,3
168,109,5
168,108,3
168,103,2
168,105,5
168,102,4
168,106,1
168,107,5
168,102,4
168,108,2
168,105,3
168,105,5
168,105,4
168,102,5
168,109,3
168,108,4
168,104,3
169,106,2
169,103,1
169,105,3
169,102,5
169,109,4
169,108,5
169,102,5
169,106,2
169,110,2
169,106,5
169,105,4
169,101,1
169,102,3
169,106,3
169,103,4
169,106,1
169,107,5
169,101,1
169,105,1
169,110,1
169,110,3
169,102,5
169,109,1
169,102,5
169,108,1
169,101,5
169,107,2
169,102,4
169,103,4
169,103,5
169,107,3
170,107,3
170,101,1
170,103,1
170,108,4
170,108,4
170,102,1
170,108,4
170,104,2
170,105,4
170,107,2
170,102,3
170,110,4
170,109,2
170,108,4
170,107,2
170,105,2
170,102,1
170,101,5
170,106,1
170,108,3
170,107,2
170,105,2
170,108,2
170,108,5
170,104,2
170,107,5
170,109,1
170,109,1
170,102,4
170,105,3
170,107,3
170,106,3
170,103,4
170,109,3
170,108,5
170,109,2
170,106,2
170,109,1
170,107,5
170,103,1
170,110,1
171,102,4
171,110,2
171,104,1
171,110,4
171,105,3
171,103,2
171,105,5
171,109,4
171,105,5
171,105,4
171,110,1
171,105,3
171,110,5
171,103,3
171,108,3
171,102,4
171,105,4
171,105,3
171,105,2
171,107,5
171,105,1
171,102,1
171,101,4
171,108,3
171,109,4
171,107,1
171,108,2
171,104,3
171,105,2
171,102,1
171,101,2
171,101,5
172,103,2
172,108,5
172,104,1
172,108,5
172,110,2
172,104,3
172,103,2
172,102,2
172,104,3
172,107,4
172,101,5
172,103,3
172,107,2
172,105,4
172,103,3
172,109,3
172,106,1
172,106,3
172,107,4
172,110,2
172,107,5
172,102,2
172,103,3
172,101,3
172,101,3
172,103,2
172,105,3
172,106,2
172,105,4
172,102,4
172,102,3
173,101,3
173,110,2
173,104,1
173,102,5
173,107,2
173,106,4
173,102,3
173,101,3
173,107,1
173,109,2
173,109,5
173,103,2
173,109,5
173,103,2
173,110,3
173,109,4
173,106,4
173,110,2
173,104,2
173,110,3
173,105,1
173,108,3
173,103,5
173,101,1
173,101,2
173,103,5
173,109,1
173,109,4
173,102,4
173,110,4
173,109,1
173,110,1
173,107,4
173,102,1
173,107,1
173,110,2
173,107,1
173,108,1
174,107,2
174,106,2
174,103,2
174,106,5
174,101,2
174,105,3
174,104,1
174,110,2
174,103,3
174,106,5
174,104,5
174,101,2
174,107,2
174,108,5
174,107,3
174,107,1
174,110,5
174,104,1
174,101,3
174,106,4
174,110,1
174,103,1
174,107,3
174,108,4
174,105,3
174,110,1
174,101,5
174,101,3
174,104,2
174,109,4
174,103,2
174,103,5
174,108,1
174,109,5
175,101,5
175,102,2
175,104,2
175,101,3
175,105,4
175,104,3
175,104,4
175,101,4
175,104,3
175,103,1
175,105,1
175,103,1
175,104,2
175,101,5
175,109,2
175,103,2
175,101,4
175,103,5
175,105,3
175,107,2
175,102,3
175,102,5
175,108,5
175,102,5
175,110,5
175,110,5
175,104,3
175,110,3
175,103,4
175,104,1
175,106,3
175,108,1
175,101,3
175,104,2
175,104,4
175,107,3
176,102,5
176,101,4
176,104,1
176,104,3
176,108,4
176,102,3
176,108,5
176,106,4
176,108,1
176,101,5
176,110,3
176,101,4
176,109,5
176,103,5
176,104,1
176,105,1
176,105,1
176,110,5
176,109,2
176,106,1
176,102,5
176,103,1
176,106,3
176,102,5
176,103,5
176,104,2
176,107,1
176,102,1
176,109,5
176,104,1
177,105,1
177,109,4
177,108,5
177,110,4
177,103,3
177,110,1
177,101,4
177,108,4
177,110,2
177,110,4
177,109,3
177,104,1
177,104,5
177,104,4
177,103,3
177,103,5
177,101,4
177,101,3
177,110,3
177,110,1
177,104,4
177,104,5
177,110,4
177,101,5
177,104,5
177,109,1
177,101,3
177,104,3
177,110,2
178,101,5
178,102,2
178,108,4
178,102,4
178,107,1
178,105,3
178,109,3
178,103,3
178,108,2
178,102,1
178,103,5
178,104,3
178,106,1
178,109,3
178,101,4
178,103,5
178,110,1
178,109,4
178,101,5
178,104,3
178,109,3
178,109,3
178,106,1
178,108,1
178,109,4
178,106,2
178,104,1
178,105,5
178,104,5
178,101,5
178,110,3
178,109,4
178,107,4
178,104,2
178,105,3
178,109,4
178,104,1
178,104,1
179,109,1
179,102,4
179,104,1
179,105,1
179,107,3
179,107,5
179,107,1
179,101,2
179,105,2
179,102,4
179,109,3
179,110,3
179,105,5
179,110,2
179,105,4
179,108,2
179,104,4
179,105,5
179,107,1
179,110,4
179,110,2
179,108,3
179,109,3
179,102,5
179,104,5
179,103,4
179,109,1
179,105,5
179,110,1
179,106,1
179,106,5
179,104,2
179,103,4
179,103,5
179,108,2
179,109,1
179,109,1
179,105,5
179,108,5
179,108,4
179,104,4
179,105,2
180,102,4
180,106,3
180,101,3
180,102,5
180,101,4
180,101,1
180,107,4
180,109,5
180,110,1
180,101,2
180,102,1
180,106,3
180,108,3
180,109,4
180,109,1
180,104,1
180,105,3
180,108,5
180,109,1
180,103,2
180,103,3
180,102,1
180,107,3
180,109,1
180,109,3
181,106,5
181,108,3
181,103,4
181,106,2
181,108,1
181,103,3
181,105,1
181,103,3
181,102,5
181,103,5
181,109,5
181,105,4
181,107,1
181,109,4
181,105,4
181,106,1
181,109,2
181,105,4
181,108,2
181,106,2
181,101,4
181,106,2
181,102,1
181,103,5
181,106,4
181,107,3
181,103,5
181,102,1
181,101,4
181,104,2
181,110,2
181,107,1
181,106,4
181,103,5
181,110,3
181,108,1
181,109,2
182,101,2
182,109,1
182,107,5
182,106,1
182,107,4
182,106,3
182,109,3
182,104,3
182,105,2
182,108,4
182,102,1
182,110,4
182,102,2
182,106,1
182,107,3
182,106,2
182,104,5
182,102,1
182,102,5
182,107,1
182,109,4
182,108,3
182,105,2
182,102,3
182,108,5
182,107,4
182,109,4
182,102,5
182,110,3
182,103,2
182,108,3
182,109,4
182,107,2
182,103,3
182,103,4
182,109,1
182,109,1
183,102,2
183,108,5
183,104,3
183,110,2
183,105,4
183,104,4
183,101,3
183,110,3
183,110,1
183,101,4
183,108,1
183,104,3
183,107,2
183,101,1
183,107,1
183,108,1
183,107,3
183,107,3
183,105,3
183,102,1
183,107,4
183,106,1
183,103,1
183,104,5
183,109,2
183,110,5
183,107,2
183,105,4
184,107,3
184,101,1
184,103,4
184,101,5
184,108,2
184,108,3
184,107,2
184,108,4
184,108,5
184,106,2
184,110,5
184,108,5
184,106,1
184,105,4
184,105,3
184,103,5
184,104,3
184,103,4
184,110,1
184,104,3
184,106,2
184,110,1
184,110,3
184,102,1
184,107,2
184,102,3
184,104,2
184,103,3
184,105,2
184,104,3
184,107,4
184,108,4
184,103,2
184,106,5
184,106,3
184,107,4
184,107,4
184,102,5
184,110,3
184,103,2
184,110,3
184,101,1
184,107,3
184,101,2
185,108,2
185,101,4
185,104,2
185,103,3
185,106,4
185,110,1
185,104,1
185,109,5
185,105,3
185,107,3
185,110,4
185,109,4
185,105,3
185,101,5
185,109,4
185,105,5
185,104,1
185,110,2
185,106,2
185,101,1
185,102,2
185,107,1
185,110,1
185,106,2
185,101,3
185,106,5
185,106,3
185,110,4
185,101,2
185,110,3
185,109,5
185,106,2
185,101,4
185,108,4
186,109,1
186,110,5
186,102,4
186,109,4
186,106,5
186,104,1
186,104,5
186,108,1
186,107,3
186,105,5
186,106,4
186,108,4
186,104,2
186,109,4
186,105,4
186,107,3
186,109,5
186,103,4
186,109,4
186,103,4
186,105,4
186,101,2
186,107,5
186,108,2
186,103,2
186,110,1
186,109,3
186,103,1
186,101,3
186,104,3
187,104,4
187,106,3
187,107,1
187,108,3
187,101,4
187,103,5
187,107,2
187,104,5
187,108,1
187,110,3
187,104,2
187,106,2
187,103,3
187,102,1
187,107,2
187,110,3
187,107,2
187,101,5
187,102,3
187,103,1
187,107,2
187,109,1
187,106,3
187,102,3
187,110,2
187,106,3
187,107,5
187,101,2
187,105,3
187,107,2
187,106,4
187,108,2
187,102,4
187,106,3
187,109,3
187,102,5
187,104,3
187,109,5
187,102,5
188,109,4
188,101,5
188,103,1
188,108,3
188,102,1
188,109,1
188,110,2
188,110,5
188,104,1
188,108,3
188,103,1
188,108,4
188,108,3
188,101,2
188,101,3
188,103,1
188,101,1
188,107,4
188,105,1
188,107,4
188,106,2
188,101,3
188,110,3
188,106,4
188,102,1
188,110,4
188,108,2
188,103,1
188,104,1
189,108,5
189,108,5
189,110,4
189,103,5
189,107,3
189,105,2
189,106,5
189,107,3
189,107,3
189,106,5
189,105,5
189,101,2
189,101,3
189,104,1
189,106,4
189,109,1
189,107,2
189,106,3
189,103,3
189,109,4
189,102,5
189,107,5
189,102,3
189,103,2
189,106,4
189,110,1
189,109,2
189,109,1
189,105,5
189,109,1
189,108,3
189,107,4
189,110,5
189,107,4
190,106,3
190,104,4
190,110,5
190,110,5
190,106,5
190,103,3
190,101,4
190,110,5
190,108,4
190,104,2
190,103,4
190,104,5
190,103,2
190,108,2
190,104,2
190,106,2
190,101,5
190,104,1
190,110,3
190,106,1
190,101,3
190,106,2
190,101,5
190,104,1
190,105,1
190,106,5
190,105,3
190,101,1
190,108,1
190,106,4
190,104,1
191,106,5
191,104,3
191,109,1
191,104,2
191,102,5
191,109,5
191,101,1
191,103,4
191,104,1
191,107,5
191,105,3
191,104,4
191,101,2
191,107,5
191,101,2
191,107,3
191,106,2
191,110,1
191,102,1
191,106,1
191,107,5
191,104,3
191,107,4
191,109,2
191,109,4
191,102,3
191,102,3
192,102,2
192,101,3
192,102,3
192,110,2
192,110,1
192,105,1
192,107,1
192,109,5
192,101,5
192,104,4
192,105,4
192,103,4
192,107,1
192,102,2
192,102,1
192,109,1
192,110,2
192,101,1
192,104,3
192,104,5
192,102,1
192,104,3
192,102,4
192,103,5
192,106,5
192,107,5
192,107,2
192,101,4
192,106,2
192,108,4
192,109,2
192,107,4
192,109,3
192,104,3
192,101,5
192,110,1
193,106,1
193,105,5
193,109,4
193,107,2
193,105,2
193,107,1
193,107,2
193,104,3
193,101,2
193,108,1
193,108,5
193,110,4
193,102,2
193,109,1
193,101,1
193,102,4
193,105,1
193,103,2
193,107,4
193,109,3
193,108,4
193,108,3
193,103,4
193,104,2
193,107,2
193,110,5
193,109,5
193,110,3
193,107,5
193,110,2
193,103,3
193,110,4
194,110,5
194,104,5
194,105,4
194,109,2
194,102,4
194,103,3
194,108,1
194,105,3
194,106,5
194,110,5
194,105,4
194,107,1
194,110,1
194,109,1
194,106,1
194,101,4
194,102,1
194,103,2
194,109,5
194,103,1
194,106,5
194,101,4
194,101,3
194,101,3
194,104,4
194,101,1
194,107,1
194,109,5
194,110,2
194,109,2
194,106,5
194,110,5
194,105,1
194,104,5
194,101,2
194,109,1
194,105,2
194,110,4
194,107,1
194,102,5
195,101,3
195,103,3
195,102,1
195,102,2
195,105,4
195,101,2
195,101,3
195,107,2
195,110,3
195,110,3
195,105,4
195,107,4
195,109,3
195,107,3
195,108,5
195,109,4
195,101,3
195,108,1
195,101,3
195,101,4
195,108,1
195,105,2
195,104,5
195,101,1
195,108,1
195,107,1
195,104,4
195,103,1
195,105,1
195,103,5
195,107,1
195,106,4
195,109,4
195,106,5
195,109,5
195,109,2
195,104,5
195,106,2
195,107,2
195,110,3
196,110,3
196,107,2
196,105,2
196,104,3
196,104,5
196,107,3
196,109,5
196,103,3
196,102,4
196,106,2
196,106,5
196,104,2
196,109,4
196,104,5
196,109,2
196,103,1
196,104,5
196,105,2
196,107,5
196,106,1
196,104,5
196,105,5
196,101,2
196,104,4
196,105,1
196,101,2
196,109,2
196,101,1
196,105,4
196,108,1
197,108,4
197,106,1
197,101,1
197,105,4
197,104,3
197,104,3
197,108,5
197,110,2
197,103,5
197,106,1
197,106,3
197,103,2
197,105,3
197,105,1
197,108,2
197,103,5
197,105,1
197,109,5
197,101,5
197,102,4
197,102,5
197,109,4
197,108,3
197,107,2
197,103,4
197,109,5
198,104,5
198,107,1
198,110,2
198,106,3
198,101,3
198,109,4
198,104,4
198,109,3
198,105,2
198,102,3
198,101,5
198,104,2
198,109,2
198,105,3
198,105,5
198,102,4
198,109,3
198,105,3
198,101,3
198,102,2
198,105,3
198,110,5
198,102,2
198,107,1
198,105,1
198,105,2
198,107,1
198,109,1
198,108,2
198,105,3
198,104,3
198,108,3
198,106,4
198,106,3
198,110,1
198,107,5
198,109,2
198,106,1
198,109,5
198,109,4
198,107,4
199,102,4
199,109,3
199,110,5
199,101,4
199,101,3
199,101,2
199,103,3
199,108,3
199,104,3
199,106,2
199,110,4
199,102,3
199,110,5
199,102,1
199,102,2
199,105,4
199,103,1
199,107,5
199,110,2
199,103,3
199,109,2
199,101,4
199,104,3
199,107,3
199,102,3
199,101,4
199,109,1
199,103,1
199,106,1
199,104,4
200,104,3
200,104,5
200,103,2
200,103,2
200,101,1
200,105,1
200,109,2
200,108,2
200,106,2
200,103,1
200,104,2
200,101,3
200,110,4
200,106,4
200,103,4
200,101,1
200,107,3
200,101,1
200,105,3
200,110,4
200,104,4
200,108,2
200,105,1
200,105,5
200,103,2
200,105,5
200,103,4
200,106,1
200,101,2
200,107,3
200,104,5
200,104,1
200,106,5
200,106,4
200,105,5
200,105,2
200,108,4
200,102,3
200,104,2
201,107,5
201,110,5
201,110,5
201,105,3
201,103,3
201,108,3
201,106,4
201,110,3
201,102,3
201,107,2
201,109,3
201,103,3
201,107,2
201,103,2
201,103,2
201,102,3
201,105,5
201,105,5
201,110,2
201,101,4
201,105,5
201,108,1
201,105,2
201,103,2
201,106,5
201,103,2
201,104,2
201,101,3
201,106,5
201,110,1
201,109,4
201,103,4
201,107,2
201,105,5
201,108,1
201,109,3
202,107,2
202,103,4
202,110,4
202,101,5
202,104,4
202,101,1
202,106,5
202,106,2
202,107,4
202,110,4
202,109,1
202,109,4
202,101,3
202,106,4
202,106,1
202,107,5
202,103,2
202,104,2
202,108,5
202,101,3
202,107,1
202,108,5
202,110,1
202,106,5
202,106,1
202,107,5
202,105,5
202,105,3
202,108,1
202,109,2
202,104,4
202,102,2
202,101,5
202,108,5
202,106,2
203,103,1
203,101,4
203,110,3
203,110,5
203,107,1
203,102,3
203,107,3
203,104,2
203,103,2
203,102,5
203,106,5
203,101,2
203,107,4
203,108,5
203,109,3
203,110,2
203,104,1
203,103,2
203,101,5
203,110,2
203,108,2
203,105,3
203,105,5
203,105,3
203,101,4
203,103,3
203,109,2
203,103,4
203,107,2
203,109,2
204,102,3
204,101,3
204,108,4
204,108,2
204,110,2
204,103,3
204,106,4
204,103,2
204,102,5
204,107,2
204,105,4
204,108,5
204,108,1
204,102,3
204,106,3
204,108,3
204,108,5
204,109,1
204,106,3
204,101,3
204,104,1
204,106,4
204,102,5
204,102,3
204,109,1
204,108,1
204,104,5
204,109,1
204,101,4
204,106,2
204,109,4
204,101,2
204,108,4
204,108,5
204,106,2
204,101,3
204,103,3
205,107,4
205,106,3
205,108,2
205,103,5
205,101,3
205,110,3
205,109,2
205,106,2
205,109,4
205,106,3
205,101,3
205,108,4
205,109,2
205,102,2
205,102,5
205,107,4
205,109,1
205,106,4
205,106,2
205,108,1
205,101,5
205,105,4
205,110,5
205,103,4
205,110,4
206,103,4
206,103,1
206,110,2
206,102,4
206,108,1
206,108,5
206,101,3
206,110,1
206,107,1
206,104,1
206,105,2
206,108,3
206,108,3
206,106,5
206,110,5
206,107,4
206,107,3
206,104,4
206,109,2
206,105,3
206,110,5
206,103,3
206,102,5
206,110,2
206,107,2
206,102,1
206,103,1
206,106,5
206,109,3
206,101,1
206,101,2
206,109,3
206,109,5
206,101,5
206,108,4
206,102,4
206,108,4
206,106,5
206,109,1
206,103,3
207,105,4
207,109,5
207,106,2
207,106,5
207,105,4
207,110,3
207,102,5
207,109,5
207,108,3
207,104,2
207,108,2
207,103,1
207,109,3
207,108,1
207,106,5
207,105,2
207,104,4
207,109,4
207,106,1
207,105,2
207,103,2
207,101,2
207,101,5
207,101,3
207,105,1
207,101,2
207,102,5
207,103,4
208,107,1
208,106,4
208,102,1
208,103,4
208,105,5
208,105,4
208,102,4
208,106,1
208,106,4
208,108,5
208,103,1
208,105,3
208,104,3
208,102,4
208,107,4
208,104,2
208,103,1
208,104,2
208,105,4
208,101,5
208,109,1
208,107,5
208,108,4
208,106,2
208,108,4
208,110,1
208,101,1
208,109,4
208,105,5
208,107,2
208,108,4
208,109,4
208,103,5
208,106,3
208,103,5
208,110,4
208,103,4
208,107,4
209,103,4
209,110,5
209,110,4
209,109,5
209,107,5
209,101,5
209,107,5
209,108,1
209,104,5
209,102,4
209,109,2
209,105,1
209,107,1
209,102,2
209,110,1
209,109,4
209,106,3
209,102,4
209,109,1
209,105,1
209,101,3
209,106,1
209,109,3
209,105,5
209,103,1
209,106,4
209,105,1
209,105,5
209,107,4
210,110,3
210,105,1
210,107,4
210,109,1
210,102,3
210,102,1
210,108,4
210,109,3
210,102,1
210,107,2
210,109,3
210,108,1
210,108,4
210,102,2
210,101,1
210,108,2
210,107,4
210,109,5
210,101,3
210,108,1
210,103,5
210,106,5
210,102,4
210,110,2
210,108,2
210,105,3
210,107,2
210,101,3
210,101,3
210,103,1
210,103,5
210,106,3
211,109,4
211,102,1
211,105,5
211,106,3
211,106,2
211,104,3
211,107,2
211,106,2
211,108,2
211,105,3
211,105,2
211,105,2
211,107,4
211,101,4
211,103,4
211,102,4
211,102,2
211,107,2
211,108,5
211,108,2
211,109,5
211,105,2
211,110,4
211,106,5
211,105,1
211,105,5
211,104,3
211,109,2
212,109,3
212,102,4
212,103,1
212,110,3
212,109,4
212,104,5
212,108,3
212,101,4
212,108,4
212,106,1
212,107,4
212,102,5
212,106,1
212,106,3
212,110,1
212,108,4
212,101,3
212,102,3
212,109,5
212,105,4
212,104,3
212,101,3
212,103,1
212,101,1
212,103,3
212,108,3
212,106,4
212,104,1
212,105,5
212,110,3
212,102,5
212,105,1
212,102,4
212,109,1
212,105,1
212,103,5
212,109,5
212,103,4
213,109,5
213,102,2
213,109,3
213,106,3
213,106,1
213,106,5
213,107,5
213,108,3
213,102,4
213,102,4
213,102,2
213,105,3
213,108,4
213,105,5
213,110,5
213,103,4
213,106,2
213,102,3
213,109,2
213,101,4
213,108,5
213,101,2
213,108,3
213,107,5
213,108,1
213,110,2
213,110,1
213,103,2
213,106,2
213,101,2
214,104,5
214,103,1
214,106,3
214,108,2
214,102,4
214,106,1
214,110,1
214,103,5
214,106,4
214,106,3
214,103,3
214,105,2
214,107,2
214,109,2
214,103,3
214,106,4
214,108,3
214,106,5
214,107,5
214,107,3
214,101,2
214,107,3
214,104,5
214,106,3
214,105,4
214,102,3
214,101,5
214,105,3
214,108,5
214,109,2
214,102,2
214,104,4
214,107,3
215,105,2
215,108,2
215,103,3
215,105,4
215,107,2
215,101,4
215,109,3
215,101,4
215,106,5
215,108,3
215,109,2
215,107,5
215,110,4
215,106,2
215,105,1
215,110,5
215,107,2
215,101,2
215,109,3
215,103,5
215,108,1
215,104,3
215,104,5
215,105,1
215,102,4
215,108,2
215,101,4
215,102,3
215,110,4
215,102,4
215,105,2
216,101,4
216,108,5
216,104,2
216,110,3
216,104,2
216,106,5
216,108,3
216,102,2
216,103,5
216,109,2
216,110,4
216,106,5
216,103,4
216,105,3
216,104,5
216,108,4
216,101,5
216,107,4
216,103,1
216,109,2
216,103,1
216,101,4
216,109,1
216,102,1
216,107,4
216,109,4
216,108,3
216,105,1
216,105,4
216,103,2
216,110,1
216,110,4
216,105,5
216,107,1
216,110,3
217,108,3
217,103,4
217,110,2
217,106,5
217,104,1
217,110,4
217,102,3
217,108,2
217,104,2
217,105,2
217,102,5
217,110,4
217,103,3
217,105,1
217,103,5
217,108,3
217,107,1
217,102,4
217,102,3
217,105,1
217,110,2
217,106,1
217,107,2
217,104,2
217,110,3
217,102,1
217,104,5
217,104,5
217,102,3
217,101,1
217,106,1
218,108,2
218,104,3
218,110,4
218,107,3
218,106,1
218,108,5
218,109,1
218,106,4
218,105,3
218,101,4
218,102,1
218,101,1
218,105,3
218,106,1
218,110,2
218,105,1
218,105,5
218,108,2
218,109,5
218,104,4
218,106,4
218,101,1
218,108,5
218,105,2
218,110,1
218,105,4
218,104,1
218,102,2
218,103,1
219,110,4
219,105,2
219,101,5
219,108,1
219,107,4
219,105,3
219,104,1
219,102,2
219,103,5
219,106,3
219,109,4
219,105,1
219,101,2
219,101,3
219,104,2
219,101,1
219,105,1
219,103,3
219,109,2
219,106,5
219,105,5
219,109,3
219,102,3
219,104,2
219,106,2
219,105,3
219,105,4
219,108,5
219,102,5
220,106,2
220,109,3
220,103,2
220,108,4
220,104,4
220,103,1
220,106,1
220,104,3
220,104,1
220,109,4
220,103,3
220,104,2
220,104,5
220,108,1
220,102,5
220,102,2
220,109,2
220,106,1
220,107,2
220,110,1
220,101,1
220,101,3
220,104,1
220,103,5
220,104,5
220,109,3
220,103,4
220,108,1
220,108,2
220,108,3
221,103,4
221,101,1
221,101,3
221,105,3
221,109,3
221,103,3
221,102,1
221,101,3
221,106,4
221,110,4
221,108,2
221,105,5
221,109,4
221,108,1
221,104,4
221,110,4
221,107,2
221,110,1
221,101,1
221,109,3
221,110,5
221,106,2
221,110,5
221,101,4
221,107,1
221,106,2
221,107,2
221,106,4
222,109,5
222,109,5
222,104,2
222,102,3
222,108,5
222,106,1
222,102,5
222,101,2
222,108,4
222,106,3
222,110,1
222,109,4
222,103,4
222,102,4
222,109,5
222,104,4
222,106,2
222,104,1
222,106,2
222,104,3
222,108,4
222,101,1
222,107,2
222,101,4
222,109,1
222,109,4
222,108,4
222,101,1
222,102,2
222,110,1
222,105,5
222,109,2
222,101,1
222,106,2
222,110,4
223,109,5
223,108,5
223,106,1
223,103,3
223,106,3
223,106,2
223,102,1
223,104,5
223,109,5
223,108,1
223,109,4
223,105,4
223,107,5
223,109,2
223,108,2
223,102,1
223,105,5
223,109,3
223,105,2
223,103,1
223,110,2
223,106,4
223,110,3
223,104,4
223,104,4
223,104,1
223,101,2
223,102,5
223,102,2
223,102,4
223,106,3
223,106,3
223,103,5
223,106,3
223,109,1
223,101,4
224,103,4
224,101,5
224,103,5
224,106,3
224,107,4
224,109,4
224,110,5
224,103,4
224,108,1
224,109,1
224,106,5
224,102,4
224,110,3
224,103,4
224,108,2
224,104,3
224,105,1
224,102,4
224,105,5
224,105,2
224,105,3
224,109,5
224,108,1
224,106,2
224,103,2
224,103,3
224,103,3
224,108,3
224,107,3
224,109,1
224,109,5
224,103,3
224,110,3
224,110,2
224,102,3
224,102,4
224,103,1
225,103,2
225,106,4
225,104,3
225,101,4
225,107,1
225,109,4
225,109,2
225,105,5
225,109,5
225,110,3
225,106,5
225,107,3
225,107,5
225,109,2
225,108,2
225,103,3
225,102,3
225,108,3
225,109,3
225,107,3
225,105,1
225,104,3
225,108,2
225,102,3
225,106,2
225,102,5
225,107,3
225,106,4
225,109,5
225,106,5
226,107,1
226,102,5
226,106,5
226,110,1
226,101,5
226,107,4
226,106,3
226,107,1
226,105,1
226,108,5
226,103,5
226,110,3
226,103,2
226,102,3
226,106,4
226,105,2
226,109,4
226,101,4
226,107,1
226,104,5
226,110,5
226,107,2
226,102,2
226,102,2
226,106,2
226,108,5
226,106,4
226,106,5
226,105,4
226,103,2
226,110,3
226,105,4
226,108,4
226,101,1
226,103,4
227,106,3
227,104,3
227,102,4
227,106,2
227,102,1
227,107,1
227,110,4
227,102,1
227,108,5
227,109,1
227,101,2
227,106,3
227,102,3
227,102,5
227,106,4
227,109,1
227,105,3
227,101,3
227,109,4
227,101,2
227,107,1
227,110,4
227,110,4
227,105,2
227,106,1
227,107,1
227,102,4
227,106,4
227,102,2
227,106,5
227,102,5
227,109,4
227,101,4
227,108,5
227,108,3
227,106,1
227,102,4
227,109,5
227,106,4
227,106,4
227,104,3
227,104,4
227,106,5
228,108,2
228,101,5
228,101,2
228,103,4
228,109,3
228,102,1
228,102,5
228,105,3
228,103,3
228,101,3
228,107,1
228,107,3
228,110,3
228,104,5
228,107,4
228,110,5
228,104,3
228,105,5
228,105,2
228,110,4
228,105,3
228,108,2
228,109,5
228,109,2
228,110,3
228,102,5
228,105,5
228,103,1
228,102,4
228,106,3
228,109,2
228,103,1
228,108,5
228,108,4
228,108,2
228,110,5
228,103,2
228,110,3
229,107,3
229,105,3
229,104,2
229,103,3
229,106,1
229,105,3
229,104,1
229,110,5
229,106,2
229,101,2
229,106,4
229,110,1
229,105,2
229,105,1
229,110,5
229,108,1
229,102,3
229,106,4
229,104,2
229,107,4
229,104,4
229,108,4
229,104,5
229,106,5
229,103,4
229,106,3
229,107,1
229,102,4
229,101,1
229,107,2
229,107,2
230,107,5
230,107,1
230,104,2
230,109,2
230,102,5
230,108,1
230,106,4
230,101,1
230,109,5
230,108,5
230,103,4
230,110,3
230,101,5
230,101,3
230,108,2
230,101,1
230,102,5
230,105,4
230,110,2
230,106,3
230,101,1
230,101,5
230,105,4
230,110,4
230,106,4
230,109,4
230,102,1
230,109,1
230,105,2
230,110,2
230,102,1
230,110,2
230,102,1
230,103,3
230,108,4
230,104,5
230,108,1
230,104,5
230,106,4
230,106,5
230,104,4
231,110,4
231,101,4
231,105,5
231,102,1
231,106,4
231,106,1
231,101,2
231,102,5
231,109,3
231,109,3
231,101,1
231,106,2
231,104,3
231,101,1
231,107,4
231,105,5
231,106,2
231,108,3
231,109,4
231,105,3
231,110,1
231,110,5
231,102,5
231,103,1
231,104,3
231,106,1
231,101,3
231,106,4
231,107,2
231,106,3
231,104,5
231,104,4
231,107,1
231,109,1
231,109,3
231,110,3
232,110,2
232,109,3
232,104,2
232,107,3
232,110,5
232,106,3
232,110,2
232,104,1
232,110,2
232,109,5
232,110,5
232,101,1
232,108,2
232,109,1
232,109,5
232,110,5
232,104,1
232,105,2
232,107,5
232,109,5
232,108,1
232,104,3
232,105,5
232,107,4
232,102,3
232,109,1
232,110,2
232,109,1
232,106,4
233,109,4
233,108,1
233,104,3
233,108,4
233,103,1
233,105,5
233,102,5
233,110,3
233,102,4
233,105,5
233,101,3
233,110,5
233,106,3
233,105,5
233,103,4
233,105,1
233,110,3
233,109,1
233,104,3
233,109,5
233,110,1
233,107,1
233,107,1
233,105,1
233,101,3
233,105,4
233,108,3
233,102,5
233,106,3
233,109,5
233,101,4
233,101,2
234,108,4
234,108,2
234,104,4
234,107,5
234,104,2
234,106,4
234,106,4
234,108,4
234,101,1
234,103,2
234,103,5
234,105,5
234,110,1
234,102,4
234,107,2
234,105,4
234,106,5
234,110,1
234,110,1
234,103,1
234,110,1
234,106,5
234,104,3
234,106,4
234,101,4
234,109,3
234,110,2
234,101,5
234,104,1
234,103,3
234,104,1
234,104,2
234,106,2
234,107,1
234,103,1
234,102,4
234,102,4
235,102,1
235,109,4
235,105,1
235,110,3
235,105,1
235,103,2
235,108,2
235,109,1
235,110,4
235,108,4
235,105,4
235,110,4
235,110,5
235,109,4
235,109,5
235,110,1
235,108,1
235,110,2
235,105,4
235,104,1
235,101,3
235,108,4
235,105,5
235,108,3
235,106,4
235,108,3
235,106,5
235,106,5
235,102,4
235,103,1
235,109,5
235,104,4
235,110,2
236,105,5
236,102,2
236,106,1
236,108,4
236,110,1
236,103,2
236,106,1
236,109,2
236,107,2
236,104,1
236,105,4
236,104,4
236,110,4
236,109,1
236,105,3
236,108,3
236,110,3
236,106,5
236,109,1
236,110,5
236,102,4
236,102,1
236,109,4
236,107,4
236,103,5
237,106,1
237,103,5
237,101,1
237,103,4
237,104,4
237,102,4
237,109,3
237,106,2
237,110,3
237,110,1
237,104,3
237,105,2
237,101,1
237,103,4
237,110,5
237,108,5
237,101,4
237,109,4
237,103,3
237,110,2
237,109,5
237,109,2
237,108,1
237,101,4
237,102,1
237,106,1
237,102,4
237,106,1
237,107,1
237,102,2
237,110,3
238,109,1
238,107,3
238,109,3
238,109,5
238,107,1
238,102,1
238,102,1
238,103,5
238,110,5
238,106,3
238,106,5
238,102,3
238,104,5
238,107,4
238,108,3
238,103,1
238,103,5
238,106,5
238,110,4
238,104,5
238,104,3
238,107,4
238,109,4
238,103,1
238,105,1
238,101,2
238,102,3
238,102,5
238,103,4
238,108,2
238,103,4
239,105,5
239,106,2
239,101,1
239,110,5
239,107,3
239,105,2
239,103,5
239,109,5
239,105,2
239,106,5
239,108,5
239,104,5
239,108,3
239,110,1
239,110,1
239,108,3
239,102,1
239,104,3
239,107,2
239,105,3
239,106,4
239,110,2
239,101,2
239,102,4
239,107,5
239,107,1
239,103,4
239,102,4
239,103,2
239,107,3
239,107,3
239,104,5
239,101,3
239,103,5
239,107,1
239,103,3
240,103,3
240,109,3
240,109,3
240,103,1
240,104,3
240,109,4
240,109,5
240,107,4
240,104,2
240,107,4
240,103,3
240,109,3
240,110,3
240,104,5
240,101,2
240,104,4
240,108,5
240,104,1
240,101,2
240,110,2
240,101,1
240,102,4
240,106,4
240,107,2
240,105,1
240,106,5
240,109,1
240,101,3
240,109,5
240,105,2
240,105,4
240,108,1
240,103,4
240,110,3
240,102,3
241,109,5
241,106,4
241,101,5
241,108,3
241,110,4
241,107,2
241,109,3
241,103,2
241,101,5
241,108,4
241,104,1
241,110,3
241,105,1
241,107,5
241,106,3
241,105,2
241,110,5
241,102,3
241,104,1
241,104,3
241,103,1
241,106,2
241,104,5
241,105,1
242,101,5
242,104,2
242,107,5
242,104,4
242,110,5
242,107,4
242,104,1
242,107,2
242,103,1
242,101,3
242,103,5
242,106,2
242,109,2
242,108,3
242,101,3
242,103,3
242,104,4
242,108,4
242,104,4
242,107,5
242,110,5
242,109,2
242,109,5
242,104,1
242,105,4
242,108,3
242,106,1
242,108,2
242,103,3
242,102,4
242,104,4
242,104,4
242,107,5
242,110,3
242,106,5
242,105,4
242,106,5
242,105,2
242,107,4
242,105,1
242,102,5
242,109,4
242,103,5
242,101,5
243,107,3
243,110,2
243,102,5
243,109,1
243,110,3
243,109,4
243,109,4
243,109,4
243,107,5
243,105,1
243,110,5
243,110,1
243,106,1
243,103,1
243,106,2
243,105,1
243,101,5
243,108,5
243,103,5
243,107,1
243,103,2
243,108,1
243,109,3
243,101,4
243,105,1
243,108,4
243,107,3
243,108,4
243,101,1
243,105,5
243,110,4
243,102,5
244,104,3
244,104,5
244,106,1
244,103,2
244,109,3
244,101,3
244,102,5
244,102,3
244,103,5
244,108,4
244,108,1
244,106,4
244,107,2
244,108,1
244,110,2
244,110,3
244,105,4
244,101,1
244,101,4
244,108,4
244,107,5
244,108,1
244,101,3
244,110,4
244,101,5
244,106,3
244,102,4
244,102,4
244,106,2
244,108,1
244,105,2
244,107,3
244,107,3
245,106,1
245,103,2
245,104,5
245,110,2
245,106,3
245,101,1
245,103,1
245,103,1
245,108,1
245,106,5
245,104,5
245,101,5
245,103,2
245,107,4
245,105,2
245,103,3
245,110,1
245,101,2
245,101,4
245,102,3
245,105,5
245,105,1
245,105,3
245,109,3
245,102,5
245,109,2
246,108,3
246,102,1
246,101,5
246,109,1
246,104,5
246,101,2
246,106,2
246,101,3
246,109,3
246,107,3
246,107,2
246,101,5
246,104,5
246,106,3
246,107,1
246,102,4
246,102,4
246,109,4
246,101,2
246,102,2
246,101,3
246,102,5
246,101,3
246,105,1
246,104,3
246,110,3
246,110,4
246,101,1
246,108,5
247,102,3
247,102,2
247,103,3
247,104,5
247,110,3
247,109,2
247,110,5
247,103,3
247,102,2
247,106,3
247,106,4
247,106,3
247,101,4
247,105,4
247,108,5
247,106,3
247,102,1
247,108,4
247,110,4
247,108,1
247,106,5
247,106,1
247,108,2
247,104,5
247,108,2
247,105,5
247,108,3
247,108,5
247,109,5
247,110,1
247,102,5
247,101,5
247,108,1
247,106,1
247,108,5
247,108,3
247,109,3
247,109,1
247,106,1
247,103,1
247,103,5
247,101,5
247,106,1
248,108,5
248,108,5
248,108,4
248,108,3
248,107,5
248,105,2
248,110,5
248,105,4
248,107,5
248,106,5
248,107,1
248,109,1
248,102,2
248,107,2
248,103,5
248,107,5
248,105,4
248,105,1
248,106,2
248,110,3
248,103,3
248,110,1
248,105,5
248,109,4
248,107,5
248,101,2
248,102,5
248,104,5
248,103,2
248,104,4
248,108,3
248,110,4
248,106,4
248,108,4
249,102,1
249,107,1
249,109,1
249,110,5
249,108,5
249,108,1
249,105,5
249,101,3
249,109,1
249,107,2
249,105,4
249,110,3
249,108,3
249,101,1
249,106,1
249,109,1
249,109,4
249,110,3
249,105,1
249,101,1
249,110,4
249,109,1
249,106,3
249,104,1
249,101,2
249,104,1
249,102,3
250,105,2
250,105,4
250,103,4
250,110,2
250,103,3
250,101,5
250,109,3
250,103,1
250,104,1
250,103,5
250,108,5
250,101,2
250,102,5
250,109,2
250,107,5
250,107,4
250,107,4
250,109,5
250,101,2
250,105,1
250,106,2
250,108,2
250,108,5
250,108,4
250,103,1
250,104,4
250,109,5
250,110,5
250,103,4
250,107,1
250,107,4
250,109,3
250,101,3
250,105,3
250,104,4
250,107,4
250,102,5
251,101,2
251,106,1
251,109,1
251,110,4
251,101,4
251,108,2
251,104,3
251,107,1
251,103,5
251,107,4
251,110,5
251,101,5
251,108,3
251,102,1
251,106,5
251,101,3
251,103,4
251,105,4
251,101,5
251,109,3
251,104,3
251,103,2
251,109,3
251,103,1
251,109,2
251,101,1
251,110,1
252,106,3
252,105,1
252,110,1
252,101,3
252,110,1
252,106,3
252,109,5
252,106,1
252,105,5
252,106,4
252,102,3
252,101,2
252,110,5
252,108,3
252,103,5
252,109,5
252,103,5
252,102,4
252,106,2
252,101,2
252,106,4
252,107,2
252,105,4
252,110,4
252,110,2
252,106,3
253,108,5
253,107,2
253,108,3
253,102,3
253,106,4
253,110,3
253,108,2
253,101,4
253,103,2
253,105,4
253,105,3
253,110,3
253,104,1
253,109,1
253,101,3
253,110,4
253,101,5
253,107,2
253,104,1
253,104,2
253,110,1
253,106,1
253,109,5
253,101,5
253,103,4
253,101,1
254,104,3
254,104,1
254,109,3
254,101,4
254,110,3
254,106,2
254,109,4
254,104,1
254,101,2
254,104,3
254,105,5
254,107,4
254,105,4
254,110,4
254,105,1
254,109,2
254,108,4
254,109,5
254,107,5
254,108,2
254,108,4
254,108,4
254,108,3
254,103,1
255,108,3
255,103,1
255,104,1
255,110,1
255,110,2
255,106,2
255,109,4
255,101,5
255,102,3
255,110,5
255,103,4
255,105,3
255,108,1
255,110,5
255,108,1
255,109,5
255,107,3
255,103,2
255,102,3
255,108,5
255,108,5
255,110,2
255,102,4
255,103,4
255,108,2
255,101,4
255,106,1
255,102,2
255,103,4
255,107,3
255,110,4
255,105,2
255,106,4
255,103,3
256,108,3
256,106,1
256,108,3
256,110,5
256,107,4
256,103,3
256,109,4
256,101,5
256,105,2
256,109,2
256,103,1
256,110,5
256,101,4
256,107,1
256,102,1
256,108,5
256,101,5
256,105,2
256,105,3
256,107,5
256,102,4
256,109,4
256,108,5
256,108,4
256,105,5
256,108,2
256,106,3
256,103,1
256,110,3
256,102,1
256,104,3
256,105,2
257,105,1
257,106,5
257,104,1
257,106,1
257,105,2
257,102,4
257,101,2
257,104,2
257,106,5
257,102,3
257,102,3
257,106,4
257,106,4
257,103,1
257,102,2
257,101,3
257,102,4
257,105,4
257,103,4
257,103,4
257,104,3
257,102,4
257,102,2
257,102,1
257,106,2
257,103,2
257,103,5
257,103,4
257,107,4
257,108,5
257,110,2
257,110,3
257,107,2
257,109,3
257,105,1
257,105,5
257,107,1
258,109,2
258,101,5
258,107,3
258,108,1
258,106,5
258,107,4
258,106,4
258,102,3
258,109,2
258,101,4
258,108,2
258,109,5
258,102,1
258,109,5
258,108,1
258,102,4
258,106,2
258,107,3
258,105,2
258,106,2
258,108,2
258,108,3
258,108,5
258,104,1
258,109,5
258,107,1
258,101,2
258,101,5
258,106,4
258,101,5
258,105,4
258,107,5
258,103,2
258,109,3
258,107,1
258,102,1
258,105,5
258,103,5
258,105,1
258,106,3
259,102,4
259,109,2
259,102,3
259,104,4
259,107,3
259,102,3
259,103,1
259,108,4
259,108,1
259,110,1
259,110,4
259,104,4
259,102,4
259,109,1
259,104,2
259,106,5
259,102,2
259,107,4
259,109,5
259,110,4
259,102,2
259,103,3
259,107,4
260,103,5
260,107,4
260,108,4
260,105,4
260,102,5
260,104,4
260,109,2
260,108,3
260,109,4
260,109,3
260,104,4
260,102,5
260,103,2
260,104,1
260,104,4
260,104,4
260,101,2
260,109,1
260,108,3
260,104,3
260,109,4
260,108,5
260,102,3
260,106,4
260,108,2
260,104,2
260,109,1
260,103,5
260,107,1
260,104,2
260,101,5
260,108,4
260,108,5
260,102,1
260,105,2
260,102,3
260,105,3
261,101,3
261,107,5
261,110,4
261,101,3
261,103,3
261,109,1
261,107,2
261,106,4
261,102,2
261,109,3
261,106,4
261,104,4
261,103,3
261,105,1
261,110,3
261,102,2
261,106,1
261,101,3
261,108,1
261,103,4
261,105,2
261,110,4
261,105,3
261,103,3
261,102,5
261,110,4
261,109,5
261,101,3
261,104,1
261,106,1
261,107,1
261,101,3
261,101,3
261,103,3
261,110,2
261,102,2
261,103,1
262,107,1
262,101,1
262,101,2
262,101,2
262,109,1
262,101,5
262,104,5
262,109,5
262,101,3
262,102,3
262,102,1
262,103,4
262,108,2
262,101,4
262,101,5
262,109,5
262,104,5
262,104,3
262,103,2
262,103,4
262,108,3
262,110,3
262,110,1
262,101,1
262,110,5
262,110,5
262,104,4
262,110,1
262,104,3
262,108,1
262,104,4
262,101,1
262,104,5
262,103,3
262,102,4
262,107,5
262,101,2
263,107,5
263,104,5
263,110,2
263,107,5
263,104,1
263,103,3
263,110,1
263,102,2
263,101,4
263,104,5
263,107,1
263,103,4
263,107,1
263,109,1
263,104,5
263,104,4
263,105,5
263,102,3
263,103,5
263,102,3
263,110,1
263,109,5
263,107,1
263,107,2
263,101,2
263,103,4
263,109,5
263,105,2
263,108,1
263,104,1
263,102,3
263,107,5
263,108,5
263,107,3
263,107,3
263,104,3
263,105,5
264,101,4
264,107,1
264,110,4
264,102,3
264,102,3
264,108,4
264,110,1
264,109,3
264,101,5
264,105,5
264,103,2
264,102,1
264,105,2
264,109,1
264,101,4
264,103,4
264,101,4
264,110,1
264,101,5
264,107,2
264,107,5
264,105,4
264,103,5
264,106,1
264,103,1
264,107,3
264,104,5
264,101,2
264,107,1
264,104,3
264,108,2
264,106,4
264,103,3
265,109,5
265,110,3
265,110,1
265,104,1
265,109,3
265,105,4
265,102,3
265,106,3
265,110,2
265,103,3
265,101,3
265,103,2
265,104,1
265,110,1
265,103,3
265,110,4
265,107,5
265,104,1
265,101,3
265,104,4
265,108,5
265,108,3
265,105,2
265,104,3
265,104,2
265,104,1
265,106,3
265,106,5
265,102,2
265,106,1
265,107,4
265,108,3
265,108,4
265,108,1
266,108,2
266,101,1
266,107,4
266,103,4
266,105,1
266,108,5
266,103,4
266,104,2
266,103,4
266,104,2
266,102,5
266,103,3
266,102,1
266,108,2
266,110,4
266,102,4
266,110,5
266,108,5
266,101,1
266,110,4
266,105,4
266,104,4
266,109,4
266,102,1
266,101,3
266,108,2
266,110,4
266,102,2
267,108,2
267,107,2
267,102,2
267,108,2
267,103,4
267,110,2
267,107,3
267,109,2
267,109,2
267,107,5
267,106,2
267,105,3
267,110,3
267,108,3
267,109,1
267,101,1
267,104,4
267,103,2
267,110,2
267,104,1
267,108,1
267,107,5
267,107,5
267,106,1
267,107,4
267,108,3
267,103,2
267,105,2
267,101,5
267,106,1
267,106,4
267,110,2
267,110,4
267,104,1
267,110,3
267,105,1
267,109,5
267,103,5
267,104,4
267,109,5
267,102,4
267,102,4
267,109,5
267,109,4
267,110,5
267,101,2
267,103,4
267,109,1
267,108,5
267,107,1
267,101,1
267,108,3
267,105,5
268,106,4
268,106,3
268,106,4
268,105,5
268,103,2
268,109,5
268,105,1
268,106,2
268,108,4
268,101,2
268,105,4
268,106,1
268,108,2
268,103,5
268,107,2
268,107,1
268,110,2
268,109,4
268,101,4
268,101,2
268,106,4
268,110,2
268,106,4
268,105,1
268,107,3
268,109,2
268,102,5
268,109,3
268,107,5
268,108,2
268,110,4
268,107,5
269,102,2
269,102,1
269,106,1
269,103,4
269,110,5
269,102,5
269,106,3
269,106,4
269,108,1
269,104,3
269,108,1
269,107,3
269,109,1
269,107,3
269,101,1
269,104,2
269,110,5
269,103,2
269,104,1
269,110,2
269,108,3
269,108,1
269,102,1
269,110,5
269,107,1
269,103,4
269,104,4
269,108,3
269,105,5
269,104,1
270,104,3
270,105,1
270,106,4
270,103,5
270,109,5
270,106,5
270,102,2
270,105,4
270,109,4
270,104,3
270,106,1
270,110,4
270,103,1
270,101,5
270,103,4
270,109,1
270,105,5
270,103,1
270,106,3
270,107,4
270,106,1
270,102,1
270,101,3
270,109,1
270,104,3
270,109,2
270,104,3
270,108,1
271,110,2
271,108,4
271,103,2
271,106,4
271,109,2
271,109,5
271,102,4
271,103,3
271,102,5
271,107,3
271,101,4
271,109,1
271,109,5
271,105,3
271,107,1
271,101,4
271,105,1
271,102,5
271,104,1
271,102,4
271,106,2
271,104,4
271,109,5
271,104,1
271,106,2
271,105,5
271,106,3
272,108,1
272,104,2
272,102,2
272,107,1
272,103,5
272,108,3
272,103,3
272,110,1
272,101,1
272,101,4
272,104,4
272,101,3
272,109,4
272,110,3
272,103,5
272,105,4
272,104,2
272,110,5
272,102,2
272,105,4
272,104,1
272,103,2
272,102,2
272,105,4
272,103,5
272,103,4
272,107,5
272,108,3
272,102,1
272,109,5
272,109,3
272,105,5
272,103,3
272,102,3
273,106,5
273,110,2
273,102,5
273,108,4
273,106,4
273,106,4
273,104,5
273,102,3
273,108,2
273,101,4
273,102,1
273,103,3
273,107,4
273,105,5
273,106,2
273,102,3
273,109,5
273,108,2
273,104,4
273,107,4
273,101,3
273,103,5
273,108,4
273,105,2
273,106,1
273,107,4
273,105,2
273,109,4
273,103,2
273,107,3
273,102,2
273,107,2
273,102,3
273,105,1
273,104,1
274,101,3
274,110,5
274,106,4
274,102,2
274,101,2
274,102,3
274,103,4
274,107,4
274,102,5
274,107,4
274,109,3
274,101,5
274,105,2
274,103,4
274,110,3
274,109,3
274,105,3
274,107,1
274,102,1
274,101,3
274,102,5
274,103,4
274,109,3
274,108,1
274,109,3
274,105,1
274,101,4
274,106,5
274,106,4
274,107,5
274,108,3
274,104,3
274,105,4
274,106,5
274,109,4
274,104,2
274,110,3
274,105,4
274,109,4
274,102,2
275,108,3
275,102,2
275,106,2
275,103,1
275,101,2
275,105,3
275,102,2
275,109,4
275,105,3
275,110,1
275,110,1
275,105,1
275,104,1
275,106,1
275,102,1
275,101,4
275,109,5
275,101,2
275,106,5
275,110,1
275,109,1
275,109,3
275,107,1
276,105,2
276,105,1
276,105,2
276,103,1
276,101,5
276,105,1
276,101,5
276,101,1
276,104,3
276,106,2
276,101,4
276,103,5
276,102,5
276,108,1
276,109,4
276,109,4
276,110,2
276,102,4
276,105,4
276,105,2
276,105,1
276,102,2
276,110,2
276,102,5
276,103,1
276,109,1
276,109,2
276,104,3
276,105,2
276,109,3
276,104,1
276,101,5
276,108,3
276,101,1
276,105,2
276,104,2
276,102,4
276,106,2
276,109,1
276,107,4
276,101,1
276,105,4
276,107,2
276,104,3
276,103,1
276,102,2
276,108,5
276,101,1
276,108,1
276,104,3
277,108,4
277,104,4
277,107,2
277,104,5
277,107,2
277,103,2
277,103,4
277,107,4
277,108,3
277,102,5
277,107,1
277,101,4
277,102,1
277,106,2
277,106,2
277,104,4
277,103,3
277,109,5
277,110,3
277,106,1
277,104,3
277,105,4
277,101,2
277,109,1
277,106,5
277,102,3
277,102,4
277,110,2
277,107,5
277,110,5
277,101,1
277,109,5
277,103,1
277,107,2
277,102,1
277,103,4
278,101,2
278,102,1
278,108,1
278,103,1
278,101,2
278,102,3
278,101,1
278,101,5
278,101,3
278,106,1
278,108,5
278,105,4
278,102,5
278,101,2
278,105,1
278,103,1
278,105,2
278,110,4
278,103,2
278,102,4
278,105,1
278,101,2
278,103,4
278,110,3
278,101,3
278,107,1
278,103,2
278,109,2
278,102,5
278,105,2
279,105,1
279,108,3
279,104,1
279,103,4
279,105,1
279,105,2
279,106,2
279,110,3
279,103,5
279,106,4
279,109,5
279,110,1
279,101,3
279,106,2
279,101,3
279,110,4
279,103,2
279,106,3
279,105,5
279,101,2
279,106,1
279,105,3
279,107,5
279,109,4
279,103,5
279,103,2
280,103,3
280,110,4
280,104,4
280,102,4
280,105,2
280,102,1
280,102,1
280,108,1
280,107,4
280,109,2
280,108,4
280,108,2
280,103,2
280,104,5
280,109,2
280,105,5
280,101,5
280,103,3
280,103,1
280,110,2
280,106,1
280,106,5
280,105,3
280,109,1
280,101,5
280,105,4
280,108,4
280,110,4
280,104,1
280,106,3
280,102,3
281,102,2
281,105,1
281,109,2
281,103,4
281,101,4
281,105,1
281,102,5
281,108,3
281,109,1
281,107,2
281,108,5
281,101,1
281,109,2
281,107,3
281,110,2
281,107,1
281,101,4
281,105,5
281,103,5
281,101,3
281,109,4
281,104,5
281,103,1
281,104,4
281,110,4
281,110,3
281,108,2
281,108,2
281,110,2
281,109,1
281,106,5
281,104,2
281,103,3
282,110,4
282,107,1
282,104,2
282,109,4
282,108,3
282,110,4
282,102,5
282,101,3
282,104,5
282,110,3
282,106,1
282,106,3
282,101,3
282,102,1
282,106,2
282,103,4
282,106,4
282,108,2
282,108,3
282,107,4
282,109,4
282,105,2
282,107,2
282,109,3
282,103,1
282,110,2
282,105,1
282,105,5
282,102,2
282,109,2
282,103,5
282,106,2
282,103,5
282,102,5
282,110,3
282,108,2
283,101,1
283,109,1
283,106,2
283,108,2
283,107,1
283,102,2
283,103,3
283,102,4
283,107,4
283,109,4
283,103,3
283,101,5
283,103,5
283,105,1
283,105,3
283,108,5
283,107,4
283,105,2
283,103,3
283,108,1
283,103,5
283,110,5
283,107,2
283,107,1
283,102,2
283,101,1
283,110,5
283,104,2
283,106,1
283,102,1
283,101,5
283,105,2
283,103,5
283,101,3
283,109,5
283,110,3
283,102,1
283,102,5
283,110,3
283,101,4
284,104,1
284,102,2
284,109,1
284,104,1
284,109,4
284,106,3
284,101,2
284,101,2
284,101,4
284,101,3
284,110,5
284,106,5
284,110,1
284,103,2
284,110,4
284,106,5
284,101,2
284,109,1
284,105,5
284,108,2
284,110,3
284,102,2
284,110,3
284,106,5
284,107,2
284,106,1
284,107,5
285,109,1
285,103,2
285,105,2
285,108,5
285,110,4
285,102,4
285,110,2
285,104,3
285,110,5
285,101,5
285,102,4
285,104,5
285,101,4
285,106,4
285,102,4
285,101,5
285,110,4
285,101,4
285,105,3
285,110,5
285,107,3
285,109,1
285,103,2
285,105,1
285,105,5
285,110,1
285,103,2
285,102,1
285,103,4
285,109,3
285,107,3
285,103,1
285,107,4
285,103,5
286,106,1
286,106,3
286,104,3
286,102,3
286,108,1
286,101,2
286,110,5
286,101,2
286,109,5
286,104,4
286,104,3
286,108,5
286,103,1
286,107,1
286,104,4
286,106,4
286,109,5
286,110,4
286,108,5
286,102,4
286,105,4
286,108,1
286,106,4
286,106,2
286,105,5
286,109,1
286,106,2
286,101,2
286,109,5
286,109,1
286,105,1
286,104,1
286,102,5
286,104,3
286,107,2
286,110,4
287,107,5
287,106,5
287,108,1
287,106,2
287,103,3
287,109,2
287,103,4
287,104,5
287,107,1
287,102,1
287,102,1
287,107,3
287,103,5
287,108,4
287,108,3
287,104,2
287,108,5
287,101,3
287,104,4
287,106,2
287,103,3
287,110,2
287,110,5
287,109,5
287,108,3
287,109,3
287,101,1
287,107,1
287,110,4
287,110,1
287,107,5
287,105,5
287,101,2
287,110,1
287,106,3
287,102,1
287,106,4
288,101,4
288,102,1
288,109,5
288,106,3
288,106,3
288,106,3
288,109,1
288,106,1
288,101,1
288,101,4
288,103,1
288,101,1
288,107,3
288,104,2
288,107,5
288,101,4
288,104,4
288,106,5
288,105,4
288,105,3
288,103,1
288,108,5
288,106,3
288,107,3
288,110,5
288,106,5
288,104,3
288,103,5
288,105,1
288,105,2
288,108,2
288,109,5
288,109,2
288,110,4
288,107,5
288,103,4
288,102,1
288,102,1
289,101,2
289,107,5
289,106,3
289,104,3
289,102,5
289,105,3
289,106,2
289,101,5
289,107,1
289,104,1
289,108,2
289,107,4
289,106,2
289,103,3
289,105,4
289,104,3
289,101,4
289,104,3
289,108,2
289,106,2
289,103,5
289,106,2
289,105,4
289,107,5
289,109,1
289,108,4
289,108,4
289,110,3
289,108,1
289,106,2
289,108,2
289,110,1
289,106,4
289,101,2
289,107,4
289,110,2
289,104,1
289,101,5
289,103,1
289,105,2
289,104,1
289,101,5
289,107,5
290,103,3
290,104,3
290,101,2
290,105,3
290,107,4
290,106,5
290,102,2
290,110,4
290,104,3
290,109,2
290,110,1
290,101,1
290,109,4
290,107,2
290,102,2
290,101,4
290,110,3
290,108,2
290,109,4
290,105,1
290,106,4
290,108,4
290,102,3
290,107,4
290,106,1
290,106,5
290,103,5
290,109,3
290,101,1
290,109,5
290,110,2
291,104,5
291,108,4
291,105,2
291,106,1
291,101,2
291,102,5
291,108,3
291,108,3
291,104,2
291,103,1
291,107,3
291,102,4
291,103,1
291,103,1
291,109,3
291,104,4
291,103,4
291,104,3
291,104,4
291,103,3
291,103,3
291,101,1
291,104,2
291,101,4
291,110,3
291,105,4
291,104,4
291,105,4
292,101,5
292,101,5
292,104,2
292,110,5
292,107,1
292,102,4
292,106,4
292,108,2
292,108,3
292,109,1
292,109,3
292,101,2
292,104,4
292,106,1
292,110,5
292,108,4
292,101,1
292,104,5
292,106,2
292,103,1
292,104,4
292,108,2
292,105,2
292,103,1
292,105,5
292,108,3
292,106,2
292,101,4
292,106,5
292,102,2
292,107,5
292,103,1
292,105,5
292,101,1
293,103,1
293,103,2
293,103,2
293,104,1
293,109,4
293,103,4
293,108,4
293,110,5
293,101,4
293,102,2
293,105,3
293,105,5
293,107,4
293,108,2
293,109,4
293,110,2
293,108,4
293,108,4
293,103,5
293,101,1
293,106,2
293,102,2
293,109,2
293,109,4
293,105,3
294,106,1
294,101,4
294,104,4
294,101,5
294,101,4
294,108,4
294,106,4
294,109,3
294,101,2
294,103,4
294,108,1
294,105,3
294,110,4
294,105,1
294,109,1
294,103,4
294,104,1
294,109,4
294,106,2
294,107,1
294,101,2
294,101,5
294,102,5
294,106,4
294,104,5
294,104,2
294,108,5
294,105,1
294,109,3
294,110,4
294,106,4
294,107,4
294,109,4
294,105,2
294,107,1
294,106,3
294,110,4
294,105,3
294,101,2
294,109,3
294,104,4
294,107,2
295,104,3
295,108,1
295,105,2
295,105,2
295,103,5
295,110,4
295,105,1
295,105,1
295,105,2
295,107,2
295,107,1
295,105,4
295,107,5
295,109,1
295,101,3
295,109,3
295,102,5
295,109,2
295,105,3
295,102,1
295,109,4
295,103,1
295,109,2
295,104,5
295,106,3
295,109,5
295,102,1
295,104,1
295,101,1
295,106,5
295,102,3
295,106,5
296,103,4
296,103,1
296,108,3
296,107,2
296,109,5
296,109,4
296,109,4
296,104,3
296,108,2
296,103,2
296,107,2
296,102,4
296,107,4
296,110,2
296,109,1
296,109,2
296,101,2
296,107,2
296,109,4
296,108,2
296,102,2
296,103,2
296,101,4
296,102,2
296,103,2
296,106,3
296,103,4
296,105,4
296,104,4
296,102,2
296,104,3
296,102,3
296,106,5
296,105,5
296,105,3
296,107,2
297,101,2
297,105,4
297,110,4
297,107,4
297,105,5
297,106,1
297,106,2
297,104,5
297,104,4
297,102,4
297,104,3
297,108,3
297,108,1
297,101,4
297,109,5
297,109,2
297,107,3
297,102,3
297,101,4
297,109,4
297,109,3
297,107,4
297,105,5
297,106,4
297,103,3
297,105,5
297,101,1
297,102,2
297,108,1
297,107,2
297,109,4
297,110,1
297,110,5
297,108,1
297,104,5
297,104,2
298,109,4
298,105,5
298,109,3
298,102,5
298,103,4
298,109,1
298,109,5
298,102,5
298,108,1
298,106,5
298,101,3
298,107,4
298,104,4
298,107,2
298,110,4
298,107,3
298,109,5
298,108,5
298,108,1
298,102,5
298,102,4
298,109,4
298,104,4
298,102,1
298,104,5
298,109,2
298,110,2
298,104,4
298,104,5
298,106,4
299,105,2
299,105,5
299,108,4
299,110,2
299,110,2
299,107,3
299,104,1
299,110,5
299,104,3
299,107,3
299,106,3
299,104,3
299,102,1
299,110,2
299,108,3
299,102,4
299,108,1
299,110,5
299,108,1
299,107,5
299,110,2
299,104,4
299,105,1
299,101,4
299,101,5
299,104,1
299,101,4
299,102,3
299,101,2
299,108,1
299,107,2
299,105,3
299,102,1
299,102,1
299,108,2
299,103,3
299,108,2
299,107,5
299,110,3
300,101,2
300,102,3
300,108,4
300,105,4
300,106,3
300,108,5
300,107,4
300,107,5
300,108,2
300,103,1
300,101,3
300,104,1
300,110,1
300,103,5
300,110,4
300,108,4
300,102,4
300,109,1
300,102,4
300,109,5
300,101,5
300,107,2
300,106,4
300,108,3
300,110,4
300,102,2
301,101,3
